CRN,Subject,Course,INSM Code,Schedule Code,Description,Hrs,Start Date,Days,Begin,End,Building,Room,Instructor,Available Seats,Total Seats
1255,ACCT,0201,TRAD,CLS,Principles Financial Acct,3,01/12/2026,"T,R",0930,1045,PLASTR,102,Abu Sammour,60,60
1256,ACCT,0201,INET,DLR,Principles Financial Acct,3,01/12/2026,TBA,null,null,ONLINE,TBA,Dille,60,60
1257,ACCT,0202,TRAD,CLS,Principles Managerial Acct,3,03/09/2026,"T,R",0930,1045,PLASTR,102,Combs,60,60
1258,ACCT,0202,TRAD,CLS,Principles Managerial Acct,3,01/12/2026,"T,R",1100,1215,PLASTR,102,Dille,60,60
1259,ACCT,0202,INET,DLR,Principles Managerial Acct,3,01/12/2026,TBA,null,null,ONLINE,TBA,Abu Sammour,60,60
1260,ACCT,0309,TRAD,CLS,Accounting Information Systems,3,01/12/2026,"T,R",0930,1045,PLASTR,303,Dille,30,30
1264,ACCT,0322,TRAD,CLS,Intermediate Accounting II,3,01/12/2026,"T,R",1100,1215,PLASTR,103,Abu Sammour,35,35
1265,ACCT,0322,INET,DLR,Intermediate Accounting II,3,01/12/2026,TBA,null,null,ONLINE,TBA,Abu Sammour,35,35
1267,ACCT,0385,INET,DLR,Cost Accounting,3,01/12/2026,TBA,null,null,ONLINE,TBA,Combs,35,35
1269,ACCT,0408,TRAD,CLS,Tax Accounting II,3,01/12/2026,"T,R",1100,1215,PLASTR,303,Combs,35,35
1272,ACCT,0491,INDV,INT,Internship in Accounting,1,01/12/2026,TBA,null,null,TBA,TBA,Dille,5,5
1274,ACCT,0491,INDV,INT,Internship in Accounting,2,01/12/2026,TBA,null,null,TBA,TBA,Dille,5,5
1291,ACCT,0491,INDV,INT,Internship in Accounting,3,01/12/2026,TBA,null,null,TBA,TBA,Dille,5,5
1298,ACCT,0580,INET,GDL,Managerial Accounting,3,01/12/2026,TBA,null,null,ONLINE,TBA,Combs,25,25
1300,AGBS,0300,INET,DLR,Agricultural Marketing,3,01/12/2026,TBA,null,null,ONLINE,TBA,Eronmwon,35,35
1299,AGBS,0301,HYBD,CMB,Introduction to Econometrics,3,01/12/2026,W,1100,1250,PLASTR,103,Eronmwon,35,35
1289,ANTH,0370,INET,DLR,Globalization & Native People,3,01/12/2026,TBA,null,null,ONLINE,TBA,Greer,22,22
1288,ANTH,0385,TRAD,CLS,Language & Culture,3,01/12/2026,"T,R",1300,1415,WEBSTR,208,Greer,28,28
1290,ANTH,0570,INET,GDL,Globalization & Native People,3,01/12/2026,TBA,null,null,ONLINE,TBA,Greer,10,10
1550,ART,0101,TRAD,LLB,Two-Dimensional Design,3,01/12/2026,"M,W",0900,1129,FINART,202,TBA,16,16
1551,ART,0103,TRAD,LLB,Three-Dimensional Design,3,01/12/2026,"T,R",0900,1129,FINART,105,Murray,10,10
1552,ART,0110,TRAD,CLS,Art Appreciation,3,01/12/2026,"M,W,F",1000,1050,LEONHS,167,Stotts,50,50
1553,ART,0110,TRAD,CLS,Art Appreciation,3,01/12/2026,"M,W,F",1300,1350,LEONHS,167,Schaaf,50,50
1554,ART,0110,INET,DLR,Art Appreciation,3,01/12/2026,TBA,null,null,ONLINE,TBA,O'Donnell,38,38
1555,ART,0110,INET,DLR,Art Appreciation,3,01/12/2026,TBA,null,null,ONLINE,TBA,TBA,38,38
1557,ART,0110,INET,DLR,Art Appreciation,3,03/09/2026,TBA,null,null,ONLINE,TBA,TBA,38,38
1561,ART,0110,INET,DLR,Art Appreciation (Dual Credit),3,01/12/2026,TBA,null,null,ONLINE,TBA,Mintert,38,38
1826,ART,0110,TRAD,CLS,Art Appreciation (Honors HN),3,01/12/2026,"T,R",0930,1045,TBA,TBA,Mintert,15,15
1563,ART,0130,TRAD,LLB,Basic Drawing,3,01/12/2026,"M,W",1300,1529,FINART,107,TBA,14,14
1568,ART,0140,TRAD,LLB,Basic Digital Photography &,3,01/12/2026,"T,R",1830,2100,FINART,332,Giasson,16,16
1569,ART,0195,TRAD,CLS,Art&Design Orientation Seminar,0,01/12/2026,T,1200,1250,FINART,202,Pishkur,20,20
1570,ART,0205,TRAD,LLB,Begin Jewelry Design/Metalsmth,3,01/12/2026,"M,W",1830,2100,FINART,315,Giasson,8,8
1571,ART,0207,TRAD,LLB,Beginning Ceramics,3,01/12/2026,"T,R",0900,1129,FINART,111,Pishkur,14,14
1572,ART,0210,TRAD,LLB,Beginning Water Media,3,01/12/2026,"T,R",1300,1529,FINART,202,Mintert,15,15
1573,ART,0211,TRAD,LLB,Beginning Sculpture,3,01/12/2026,"T,R",1530,1800,FINART,105,Murray,8,8
1574,ART,0212,TRAD,LLB,Introduction to Printmaking,3,01/12/2026,"T,R",1300,1529,FINART,311,Murray,9,9
1575,ART,0216,TRAD,LLB,Introduction to Web Design,3,01/12/2026,"M,W",1530,1800,FINART,332,Bagherzadeh,16,16
1576,ART,0220,TRAD,CLS,Art for Elem School Teacher,2,01/12/2026,M,1300,1450,FINART,202,Mintert,18,18
1578,ART,0220,INET,DLR,Art Elem School Teacher (EE14),2,01/12/2026,TBA,null,null,OFFSTE,TBA,Mintert,20,20
1579,ART,0232,TRAD,LLB,Beginning Painting,3,01/12/2026,"M,W",0900,1129,FINART,305,McKenzie,15,15
1580,ART,0252,TRAD,CLS,Art History Renaissance-19th C,3,01/12/2026,"M,W,F",1200,1250,LEONHS,167,Bentley,50,50
1581,ART,0295,INDV,IND,Foundation Review,0,01/12/2026,TBA,null,null,TBA,TBA,Pishkur,20,20
1582,ART,0305,INET,DLR,Art Theory,3,01/12/2026,TBA,null,null,ONLINE,TBA,McKenzie,38,38
1583,ART,0309,TRAD,CLS,Hist & Theory Graphic Design,3,01/12/2026,"M,W,F",0800,0850,LEONHS,167,Bentley,25,25
1584,ART,0310,TRAD,LLB,Water Media,3,01/12/2026,"T,R",1300,1529,FINART,202,Mintert,1,1
1585,ART,0320,TRAD,CLS,Introduction Gallery Studies,3,01/12/2026,F,1300,1529,LBRARY,109,Bentley,15,15
1586,ART,0324,TRAD,LLB,Semiotics and Symbology,3,01/12/2026,"M,W",0900,1129,FINART,332,Outhouse,16,16
1587,ART,0327,TRAD,LLB,Advanced Typography,3,01/12/2026,"M,W",1300,1529,FINART,332,Outhouse,16,16
1590,ART,0330,TRAD,LLB,Jewelry Design/Metalsmith,3,01/12/2026,"M,W",1830,2100,FINART,315,Giasson,4,4
1593,ART,0334,TRAD,LLB,Mural Painting,3,01/12/2026,"M,W",1300,1529,FINART,305,McKenzie,15,15
1594,ART,0339,TRAD,LLB,Moldmaking/Multiples Ceramics,3,01/12/2026,"T,R",1830,2100,FINART,111,Pishkur,8,8
1595,ART,0342,TRAD,LLB,Sculpture,3,01/12/2026,"T,R",1530,1800,FINART,105,Murray,2,2
1596,ART,0350,TRAD,LLB,Packaging Design,3,01/12/2026,"T,R",1530,1800,FINART,332,Bagherzadeh,16,16
1597,ART,0360,TRAD,LLB,Publ Design & Layout,3,01/12/2026,"T,R",0900,1129,FINART,332,Outhouse,16,16
1598,ART,0367,INDV,SAB,IAS: Arts & Craft of Vietnam,3,01/12/2026,TBA,null,null,TBA,TBA,Pishkur,6,6
1599,ART,0371,TRAD,LLB,Life Drawing,3,01/12/2026,"M,W",1530,1800,FINART,107,TBA,12,12
1600,ART,0400,TRAD,LLB,Advanced Drawing,3,01/12/2026,"M,W",1530,1800,FINART,107,TBA,4,4
1601,ART,0401,TRAD,LLB,Advanced Painting,3,01/12/2026,"M,W",0900,1129,FINART,305,McKenzie,2,2
1602,ART,0407,TRAD,LLB,Advanced Ceramics,3,01/12/2026,"T,R",1830,2100,FINART,111,Pishkur,4,4
1604,ART,0422,TRAD,LLB,Spec Proj 1 - Graphic Design,3,01/12/2026,"T,R",1300,1529,FINART,332,Outhouse,2,2
1605,ART,0424,TRAD,LLB,Spec Proj 1 - Painting,3,01/12/2026,"M,W",0900,1129,FINART,305,McKenzie,1,1
1606,ART,0426,TRAD,LLB,Spec Proj 1 - Sculpture,3,01/12/2026,"T,R",1530,1800,FINART,105,Murray,1,1
1607,ART,0427,TRAD,LLB,Spec Proj I - Ceramics,3,01/12/2026,"T,R",1830,2100,FINART,111,Pishkur,1,1
1608,ART,0428,TRAD,LLB,Spec Proj I - Drawing,3,01/12/2026,"M,W",1530,1800,FINART,107,TBA,1,1
1609,ART,0442,TRAD,LLB,Spec Proj II - Graphic Design,3,01/12/2026,"T,R",1300,1529,FINART,332,Outhouse,1,1
1610,ART,0444,TRAD,LLB,Spec Proj II - Painting,3,01/12/2026,"M,W",0900,1129,FINART,305,McKenzie,1,1
1612,ART,0447,TRAD,LLB,Spec Proj II - Ceramics,3,01/12/2026,"T,R",1830,2100,FINART,111,Pishkur,1,1
1614,ART,0450,TRAD,LLB,Interaction Design,3,01/12/2026,"M,W",1830,2100,FINART,332,Bagherzadeh,16,16
1615,ART,0452,TRAD,LLB,Design Practicum,3,01/12/2026,"T,R",1300,1529,FINART,332,Outhouse,14,14
1617,ART,0480,INDV,IND,Illustration Portfolio,0,01/12/2026,TBA,null,null,TBA,TBA,Pishkur,20,20
1618,ART,0481,INDV,IND,Publication Design Portfolio,0,01/12/2026,TBA,null,null,TBA,TBA,Pishkur,20,20
1619,ART,0482,INDV,IND,Intrdisc Photography Portfolio,0,01/12/2026,TBA,null,null,TBA,TBA,Pishkur,20,20
1620,ART,0483,INDV,IND,New Media Portfolio,0,01/12/2026,TBA,null,null,TBA,TBA,Pishkur,20,20
1621,ART,0491,INDV,INT,Internship in Art,1,01/12/2026,TBA,null,null,TBA,TBA,Pishkur,1,1
1622,ART,0491,INDV,INT,Internship in Art,2,01/12/2026,TBA,null,null,TBA,TBA,Pishkur,1,1
1623,ART,0491,INDV,INT,Internship in Art,3,01/12/2026,TBA,null,null,TBA,TBA,Pishkur,4,4
1624,ART,0495,INDV,IND,Art Capstone Experience,0,01/12/2026,TBA,null,null,TBA,TBA,Pishkur,20,20
1627,ART,0496,INDV,IND,BFA Thesis,0,01/12/2026,TBA,null,null,TBA,TBA,Pishkur,20,20
1628,ART,0498,HYBD,CMB,Special Topics in Photography,3,01/12/2026,TBA,null,null,TBA,TBA,Pishkur,12,12
1630,ART,0499,INDV,IND,Independent Study,1,01/12/2026,TBA,null,null,TBA,TBA,Pishkur,1,1
1631,ART,0499,INDV,IND,Independent Study,2,01/12/2026,TBA,null,null,TBA,TBA,Pishkur,1,1
1632,ART,0499,INDV,IND,Independent Study,3,01/12/2026,TBA,null,null,TBA,TBA,Pishkur,1,1
1633,ART,0505,INET,GDL,Art Theory,3,01/12/2026,TBA,null,null,ONLINE,TBA,McKenzie,38,38
1635,ART,0522,TRAD,GL3,Special Projects in Design I,3,01/12/2026,"T,R",1300,1529,FINART,332,Outhouse,1,1
1636,ART,0524,TRAD,GL3,Special Projects in Painting I,3,01/12/2026,"M,W",0900,1129,FINART,305,McKenzie,1,1
1638,ART,0526,TRAD,GL3,Special Projects Sculpture I,3,01/12/2026,"T,R",1530,1800,FINART,105,Murray,1,1
1641,ART,0527,TRAD,GL3,Special Projects in Ceramics I,3,01/12/2026,"T,R",1830,2100,FINART,111,Pishkur,1,1
1643,ART,0528,TRAD,GL3,Special Projects in Drawing I,3,01/12/2026,"M,W",1530,1800,FINART,107,TBA,1,1
1647,ART,0529,TRAD,GL3,Special Projects Printmaking I,3,01/12/2026,"T,R",1300,1529,FINART,311,Murray,1,1
1649,ART,0542,TRAD,GL3,Special Projects Design II,3,01/12/2026,"T,R",1300,1529,FINART,332,Outhouse,1,1
1653,ART,0544,TRAD,GL3,Special Projects Painting II,3,01/12/2026,"M,W",0900,1129,FINART,305,McKenzie,1,1
1655,ART,0546,TRAD,GL3,Special Projects Sculpture II,3,01/12/2026,"T,R",1530,1800,FINART,105,Murray,1,1
1657,ART,0547,TRAD,GL3,Special Projects Ceramics II,3,01/12/2026,"T,R",1830,2100,FINART,111,Pishkur,1,1
1659,ART,0548,TRAD,GL3,Special Projects Drawing II,3,01/12/2026,"M,W",1530,1800,FINART,107,TBA,1,1
1660,ART,0549,TRAD,GL3,Special Project Printmaking II,3,01/12/2026,"T,R",1300,1529,FINART,311,Murray,1,1
1661,ART,0598,INDV,GL6,IAS: Arts & Crafts of Vietnam,3,01/12/2026,TBA,null,null,TBA,TBA,Pishkur,6,6
1663,ART,0627,TRAD,GL3,Studio Ceramics,3,01/12/2026,"T,R",1830,2100,FINART,111,Pishkur,1,1
1664,ART,0680,INDV,GL4,Post-Bacc. Art Portfolio,0,01/12/2026,TBA,null,null,TBA,TBA,Pishkur,20,20
1539,BIEX,0300,INDV,SAB,Bilateral Exchange,12,01/12/2026,TBA,null,null,TBA,TBA,Shriver,15,15
1541,BIEX,0300,INDV,SAB,Bilateral Exchange,15,01/12/2026,TBA,null,null,TBA,TBA,Shriver,15,15
1873,BIO,0101,TRAD,CLS,General Biology,4,01/12/2026,"T,R",0930,1045,REYNLD,232,Patterson,32,32
1873,BIO,0101,TRAD,CLS,General Biology,4,01/12/2026,W,1300,1450,REYNLD,114,Patterson,32,32
1874,BIO,0101,TRAD,CLS,General Biology,4,01/12/2026,"T,R",1100,1215,REYNLD,232,Patterson,32,32
1874,BIO,0101,TRAD,CLS,General Biology,4,01/12/2026,W,1500,1650,TBA,TBA,Patterson,32,32
1875,BIO,0101,HYBD,CMB,General Biology,4,01/12/2026,TBA,null,null,ONLINE,TBA,Monroe,32,32
1875,BIO,0101,HYBD,CMB,General Biology,4,01/12/2026,R,1500,1650,REYNLD,114,Monroe,32,32
1876,BIO,0101,INET,DLR,General Biology,4,01/12/2026,TBA,null,null,ONLINE,TBA,Boyer,32,32
1877,BIO,0102,INET,DLR,General Biology,3,01/12/2026,TBA,null,null,ONLINE,TBA,King,38,38
1878,BIO,0110,TRAD,CLS,Principles of Biology I,4,01/12/2026,"M,W,F",0900,0950,REYNLD,225,Kilmer,24,24
1878,BIO,0110,TRAD,CLS,Principles of Biology I,4,01/12/2026,T,0900,1150,REYNLD,109,Kilmer,24,24
1880,BIO,0110,TRAD,CLS,Principles of Biology I,4,01/12/2026,"M,W,F",1300,1350,REYNLD,225,Kilmer,24,24
1880,BIO,0110,TRAD,CLS,Principles of Biology I,4,01/12/2026,T,1400,1650,REYNLD,109,Kilmer,24,24
1882,BIO,0111,TRAD,LLB,Principles of Biology II,4,01/12/2026,T,0800,1050,REYNLD,121,Willand,24,24
1882,BIO,0111,TRAD,LLB,Principles of Biology II,4,01/12/2026,"M,W,F",0900,0950,REYNLD,204,Willand,24,24
1883,BIO,0111,TRAD,LLB,Principles of Biology II,4,01/12/2026,W,1400,1650,REYNLD,121,Willand,24,24
1883,BIO,0111,TRAD,LLB,Principles of Biology II,4,01/12/2026,"M,W,F",1100,1150,REYNLD,204,Willand,24,24
1887,BIO,0121,TRAD,LLB,Human Anatomy and Physiology I,4,01/12/2026,"T,R",0930,1045,UMMEL,120,Goddard,24,24
1887,BIO,0121,TRAD,LLB,Human Anatomy and Physiology I,4,01/12/2026,T,1300,1450,UMMEL,105,Goddard,24,24
1889,BIO,0121,TRAD,LLB,Human Anatomy and Physiology I,4,01/12/2026,"M,W,F",1200,1250,UMMEL,120,Day,24,24
1889,BIO,0121,TRAD,LLB,Human Anatomy and Physiology I,4,01/12/2026,R,1500,1650,UMMEL,105,Day,24,24
1890,BIO,0121,TRAD,LLB,Human Anatomy and Physiology I,4,01/12/2026,W,1100,1215,UMMEL,105,Lawson,24,24
1890,BIO,0121,TRAD,LLB,Human Anatomy and Physiology I,4,01/12/2026,"T,R",1100,1215,UMMEL,120,Lawson,24,24
1891,BIO,0121,INET,DLR,Human Anatomy and Physiology I,4,01/12/2026,TBA,null,null,ONLINE,TBA,Patterson,38,38
1894,BIO,0180,HYBD,CMB,Essential Anatomy & Physiology,4,01/12/2026,"M,W",0800,0950,UMMEL,105,Patterson,24,24
1894,BIO,0180,HYBD,CMB,Essential Anatomy & Physiology,4,01/12/2026,TBA,null,null,ONLINE,TBA,Patterson,24,24
1897,BIO,0201,TRAD,LLB,Human Anatomy,5,01/12/2026,"T,R",0800,0950,UMMEL,105,Smalley,24,24
1897,BIO,0201,TRAD,LLB,Human Anatomy,5,01/12/2026,"M,W,F",1100,1150,UMMEL,120,Smalley,24,24
1898,BIO,0210,TRAD,LLB,Molecular Cell Biology,4,01/12/2026,T,1400,1650,REYNLD,252,Burris,24,24
1898,BIO,0210,TRAD,LLB,Molecular Cell Biology,4,01/12/2026,"M,W,F",0900,0950,REYNLD,111,Burris,24,24
1899,BIO,0221,TRAD,LLB,Human Anatomy & Physiology II,5,01/12/2026,"T,R",1300,1450,UMMEL,113,Smalley,24,24
1899,BIO,0221,TRAD,LLB,Human Anatomy & Physiology II,5,01/12/2026,"M,W,F",0900,0950,UMMEL,120,Smalley,24,24
1900,BIO,0221,TRAD,LLB,Human Anatomy & Physiology II,5,01/12/2026,"T,R",1500,1650,UMMEL,113,Smalley,24,24
1900,BIO,0221,TRAD,LLB,Human Anatomy & Physiology II,5,01/12/2026,"M,W,F",0900,0950,UMMEL,120,Smalley,24,24
1901,BIO,0221,TRAD,LLB,Human Anatomy & Physiology II,5,01/12/2026,"M,W,F",1000,1050,UMMEL,120,Day,24,24
1901,BIO,0221,TRAD,LLB,Human Anatomy & Physiology II,5,01/12/2026,W,0800,0950,UMMEL,113,Day,24,24
1903,BIO,0221,TRAD,LLB,Human Anatomy & Physiology II,5,01/12/2026,"M,W,F",1400,1450,UMMEL,120,Day,24,24
1903,BIO,0221,TRAD,LLB,Human Anatomy & Physiology II,5,01/12/2026,"T,R",1000,1150,UMMEL,113,Day,24,24
1904,BIO,0231,TRAD,LLB,General & Medical Microbiology,5,01/12/2026,"T,R",0900,1050,REYNLD,101,Rhodes,30,30
1904,BIO,0231,TRAD,LLB,General & Medical Microbiology,5,01/12/2026,"M,W,F",0900,0950,REYNLD,123,Rhodes,30,30
1906,BIO,0231,TRAD,LLB,General & Medical Microbiology,5,01/12/2026,"T,R",1400,1550,REYNLD,101,Rhodes,30,30
1906,BIO,0231,TRAD,LLB,General & Medical Microbiology,5,01/12/2026,"M,W,F",0900,0950,REYNLD,123,Rhodes,30,30
2078,BIO,0240,INET,DLR,Radiation Biology,3,01/12/2026,TBA,null,null,ONLINE,TBA,TBA,24,24
1907,BIO,0300,TRAD,CLS,Evolution,3,01/12/2026,"M,W,F",0900,0950,REYNLD,232,Penning,24,24
1908,BIO,0301,TRAD,LLB,Human Physiology,4,01/12/2026,"T,R",0800,0915,REYNLD,111,Johnson,6,6
1908,BIO,0301,TRAD,LLB,Human Physiology,4,01/12/2026,W,1400,1650,UMMEL,105,Johnson,6,6
1909,BIO,0301,TRAD,LLB,Human Physiology,4,01/12/2026,R,1100,1350,UMMEL,105,Johnson,6,6
1909,BIO,0301,TRAD,LLB,Human Physiology,4,01/12/2026,"T,R",0800,0915,REYNLD,111,Johnson,6,6
1910,BIO,0305,TRAD,LLB,Genetics,4,01/12/2026,"M,W,F",1000,1050,REYNLD,111,Burris,11,11
1910,BIO,0305,TRAD,LLB,Genetics,4,01/12/2026,R,0800,1050,REYNLD,252,Burris,11,11
1911,BIO,0305,TRAD,LLB,Genetics,4,01/12/2026,R,1400,1650,REYNLD,252,Burris,24,24
1911,BIO,0305,TRAD,LLB,Genetics,4,01/12/2026,"M,W,F",1000,1050,REYNLD,111,Burris,24,24
1912,BIO,0312,TRAD,CLS,Environmental Biology,3,01/12/2026,"M,W,F",1100,1150,REYNLD,235,Boman,15,15
1913,BIO,0322,TRAD,LLB,Taxonomy of Flowering Plants,4,01/12/2026,"T,R",1500,1650,REYNLD,119,Willand,5,5
1913,BIO,0322,TRAD,LLB,Taxonomy of Flowering Plants,4,01/12/2026,"T,R",1400,1450,REYNLD,119,Willand,5,5
1914,BIO,0331,TRAD,LLB,Comparative Vertebrate Anatomy,5,01/12/2026,"M,W",1300,1350,REYNLD,119,Penning,24,24
1914,BIO,0331,TRAD,LLB,Comparative Vertebrate Anatomy,5,01/12/2026,"M,W",1400,1650,REYNLD,119,Penning,24,24
1916,BIO,0370,INET,DLR,Environmental Health & Safety,3,01/12/2026,TBA,null,null,ONLINE,TBA,Newcomb,15,15
1918,BIO,0371,TRAD,CLS,Environmental Toxicology,3,01/12/2026,"M,W,F",0900,0950,REYNLD,235,Boman,15,15
1919,BIO,0380,INET,DLR,Epidemiology,3,01/12/2026,TBA,null,null,ONLINE,TBA,Welicky,15,15
1921,BIO,0389,TRAD,CLS,Fund Exp Design & Statistics,3,01/12/2026,"M,W,F",1000,1050,REYNLD,107,Penning,24,24
2079,BIO,0400,INET,DLR,Biology Capstone,1,01/12/2026,TBA,null,null,ONLINE,TBA,Penning,24,24
1922,BIO,0404,TRAD,CLS,App in Geographic Info Systems,3,01/12/2026,"T,R",1100,1215,REYNLD,107,Kilmer,9,9
1926,BIO,0433,TRAD,LLB,Histology,4,01/12/2026,"T,R",0930,1045,REYNLD,111,Johnson,16,16
1926,BIO,0433,TRAD,LLB,Histology,4,01/12/2026,F,0900,1150,UMMEL,113,Johnson,16,16
1927,BIO,0456,TRAD,CLS,Immunology,3,01/12/2026,"M,W,F",1100,1150,REYNLD,232,Rhodes,11,11
1928,BIO,0464,TRAD,CLS,Advanced Cell Biology,3,01/12/2026,"M,W,F",0800,0850,REYNLD,111,Burris,24,24
1930,BIO,0475,TRAD,LLB,Advanced Human Dissection,4,01/12/2026,"T,R",1400,1450,UMMEL,120,Barry,16,16
1930,BIO,0475,TRAD,LLB,Advanced Human Dissection,4,01/12/2026,"T,R",1500,1650,UMMEL,104,Barry,16,16
1932,BIO,0481,TRAD,LLB,Aquatic Ecology,4,01/12/2026,W,1400,1650,REYNLD,237,Kilmer,24,24
1932,BIO,0481,TRAD,LLB,Aquatic Ecology,4,01/12/2026,"T,R",0930,1045,REYNLD,225,Kilmer,24,24
1717,CHEM,0110,TRAD,CLS,Chemistry and Society,3,01/12/2026,TBA,null,null,TBA,TBA,Garoutte,24,24
1718,CHEM,0110,INET,DLR,Chemistry and Society,3,01/12/2026,TBA,null,null,ONLINE,TBA,Arocho-Perez,38,38
1719,CHEM,0125,TRAD,CLS,Chemistry for Allied Health Sc,4,01/12/2026,F,1400,1650,REYNLD,302,Garoutte,24,24
1719,CHEM,0125,TRAD,CLS,Chemistry for Allied Health Sc,4,01/12/2026,"M,W,F",0900,0950,REYNLD,315,Garoutte,24,24
1720,CHEM,0125,INET,DLR,Chemistry for Allied Health Sc,4,01/12/2026,TBA,null,null,ONLINE,TBA,TBA,25,25
1721,CHEM,0151,TRAD,LLB,General Chemistry I,5,01/12/2026,R,0800,1040,REYNLD,302,Gilbert-Saunders,24,24
1721,CHEM,0151,TRAD,LLB,General Chemistry I,5,01/12/2026,"M,W,R,F",1200,1250,REYNLD,317,Gilbert-Saunders,24,24
1722,CHEM,0151,TRAD,LLB,General Chemistry I,5,01/12/2026,R,1400,1640,REYNLD,302,Gilbert-Saunders,24,24
1722,CHEM,0151,TRAD,LLB,General Chemistry I,5,01/12/2026,"M,W,R,F",1200,1250,REYNLD,317,Gilbert-Saunders,24,24
1723,CHEM,0152,TRAD,LLB,General Chemistry II,5,01/12/2026,M,1400,1650,REYNLD,302,Kannadi Valloli,20,20
1723,CHEM,0152,TRAD,LLB,General Chemistry II,5,01/12/2026,"M,T,W,F",1300,1350,REYNLD,123,Kannadi Valloli,20,20
1724,CHEM,0152,TRAD,LLB,General Chemistry II,5,01/12/2026,"M,T,W,F",1300,1350,REYNLD,123,Kannadi Valloli,20,20
1724,CHEM,0152,TRAD,LLB,General Chemistry II,5,01/12/2026,T,1400,1650,REYNLD,302,Kannadi Valloli,20,20
1725,CHEM,0152,TRAD,LLB,General Chemistry II,5,01/12/2026,W,1400,1650,REYNLD,302,Kannadi Valloli,20,20
1725,CHEM,0152,TRAD,LLB,General Chemistry II,5,01/12/2026,"M,T,W,F",1300,1350,REYNLD,123,Kannadi Valloli,20,20
1726,CHEM,0210,INET,DLR,Environmental Organic Chem,4,01/12/2026,TBA,null,null,ONLINE,TBA,Arocho-Perez,25,25
1727,CHEM,0301,TRAD,LLB,Organic Chemistry I,5,01/12/2026,"M,T,W,F",1200,1250,REYNLD,225,Donelson,16,16
1727,CHEM,0301,TRAD,LLB,Organic Chemistry I,5,01/12/2026,M,1400,1650,REYNLD,305,Donelson,16,16
1728,CHEM,0301,TRAD,LLB,Organic Chemistry I,5,01/12/2026,W,1400,1650,REYNLD,305,Donelson,16,16
1728,CHEM,0301,TRAD,LLB,Organic Chemistry I,5,01/12/2026,"M,T,W,F",1200,1250,REYNLD,225,Donelson,16,16
1729,CHEM,0302,TRAD,LLB,Organic Chemistry II,5,01/12/2026,R,0800,1050,REYNLD,305,Moore,20,20
1729,CHEM,0302,TRAD,LLB,Organic Chemistry II,5,01/12/2026,"M,T,W,F",1200,1250,REYNLD,123,Moore,20,20
1730,CHEM,0302,TRAD,LLB,Organic Chemistry II,5,01/12/2026,"M,T,W,F",1200,1250,REYNLD,123,Moore,20,20
1730,CHEM,0302,TRAD,LLB,Organic Chemistry II,5,01/12/2026,R,1400,1650,REYNLD,305,Moore,20,20
1731,CHEM,0302,TRAD,LLB,Organic Chemistry II,5,01/12/2026,"M,T,W,F",1200,1250,REYNLD,123,Moore,20,20
1731,CHEM,0302,TRAD,LLB,Organic Chemistry II,5,01/12/2026,F,1400,1650,REYNLD,305,Moore,20,20
1732,CHEM,0350,TRAD,CLS,Biochemistry I,3,01/12/2026,"M,W,F",1300,1350,REYNLD,204,Garoutte,32,32
1733,CHEM,0352,TRAD,CLS,Biochemistry II,3,01/12/2026,"M,W,F",1200,1250,REYNLD,204,Garoutte,32,32
1734,CHEM,0400,TRAD,LLB,Elementary Physical Chem,4,01/12/2026,"M,W,F",0900,0950,REYNLD,306,Gilbert-Saunders,12,12
1734,CHEM,0400,TRAD,LLB,Elementary Physical Chem,4,01/12/2026,T,1400,1650,REYNLD,336,Gilbert-Saunders,12,12
1735,CHEM,0422,HYBD,CMB,Advanced Inorganic Chemistry,3,01/12/2026,"T,R",1300,1350,REYNLD,306,Moore,12,12
1736,CHEM,0431,INDV,INT,Chem Lab Assistant Practicum,1,01/12/2026,TBA,null,null,REYNLD,TBA,Kannadi Valloli,4,4
1737,CHEM,0431,INDV,INT,Chem Lab Assistant Practicum,1,01/12/2026,TBA,null,null,REYNLD,TBA,Donelson,4,4
1738,CHEM,0431,INDV,INT,Chem Lab Assistant Practicum,1,01/12/2026,F,1400,1650,REYNLD,302,Garoutte,4,4
1739,CHEM,0431,INDV,INT,Chem Lab Assistant Practicum,1,01/12/2026,TBA,null,null,REYNLD,TBA,Gilbert-Saunders,4,4
1740,CHEM,0431,INDV,INT,Chem Lab Assistant Practicum,1,01/12/2026,TBA,null,null,REYNLD,TBA,Moore,4,4
1741,CHEM,0491,SITE,INT,Internship in Chemistry,1,01/12/2026,TBA,null,null,TBA,TBA,Donelson,4,4
1742,CHEM,0497,INDV,IND,Research in Chemistry,1,01/12/2026,F,1400,1650,REYNLD,TBA,Donelson,5,5
1743,CHEM,0497,INDV,IND,Research in Chemistry,1,01/12/2026,TBA,null,null,REYNLD,TBA,Garoutte,4,4
1744,CHEM,0497,INDV,IND,Research in Chemistry,1,01/12/2026,TBA,null,null,REYNLD,TBA,Gilbert-Saunders,4,4
1745,CHEM,0497,INDV,IND,Research in Chemistry,1,01/12/2026,TBA,null,null,REYNLD,TBA,Kannadi Valloli,4,4
1793,CIS,0105,INET,DLR,Intro to Microcomputer Use,3,01/12/2026,TBA,null,null,TBA,TBA,Sethuramalingam,32,32
1796,CIS,0110,TRAD,CLS,Programming I,3,01/12/2026,"M,W,F",1100,1150,PLASTR,209,Collins,32,32
1812,CIS,0202,HYBD,CMB,Information Systems I,3,01/12/2026,T,0930,1045,PLASTR,210,Bhardwaj,32,32
1827,CIS,0210,TRAD,CLS,Programming II,3,01/12/2026,R,1730,2020,PLASTR,209,Collins,32,32
1829,CIS,0308,INET,DLR,Website Administration I,3,01/12/2026,TBA,null,null,TBA,TBA,Collins,32,32
1833,CIS,0310,TRAD,CLS,Database Management Systems I,3,01/12/2026,"M,W,F",0900,0950,PLASTR,210,Bhardwaj,32,32
1839,CIS,0315,HYBD,CMB,Computer Networks,3,01/12/2026,"M,W",1000,1050,PLASTR,209,Sethuramalingam,32,32
1843,CIS,0355,TRAD,CLS,Enterprise Netwk Admin Secure,3,01/12/2026,T,1730,2020,PLASTR,210,Sommer,32,32
1844,CIS,0390,INET,DLR,Intro to Big Data Analysis,3,01/12/2026,TBA,null,null,TBA,TBA,Bhardwaj,32,32
1845,CIS,0405,TRAD,CLS,Cryptography & .NET Security,3,01/12/2026,"T,R",1100,1215,PLASTR,209,Collins,32,32
1847,CIS,0425,TRAD,CLS,Database Management Systems II,3,01/12/2026,"M,W,F",1200,1250,PLASTR,210,Bhardwaj,32,32
1852,CIS,0445,HYBD,CMB,Computer Forensics II,3,01/12/2026,"M,W",1100,1150,PLASTR,210,Sethuramalingam,32,32
1849,CIS,0498,INET,DLR,IoT Fundamentals Data Insights,3,01/12/2026,TBA,null,null,ONLINE,TBA,Sethuramalingam,32,32
1134,CJ,0100,HYBD,CMB,Intro to Criminal Justice,3,01/12/2026,"M,W",1000,1050,JUSTCE,147,Walthall,35,35
1135,CJ,0100,INET,DLR,Intro to Criminal Justice,3,01/12/2026,TBA,null,null,ONLINE,TBA,Gunderman,35,35
1136,CJ,0180,TRAD,CLS,Basic Law Enforcement Academy,13,01/12/2026,"M,T,W,R,F",0800,1700,JUSTCE,024,Adams,24,24
1137,CJ,0181,TRAD,CLS,Basic Law Enforcement Acad II,13,03/09/2026,"M,T,W,R,F",0800,1700,JUSTCE,024,Adams,24,24
1138,CJ,0210,HYBD,CMB,Criminal Procedure,3,01/12/2026,"M,W",1300,1350,JUSTCE,147,Adelizzi,35,35
1139,CJ,0210,INET,DLR,Criminal Procedure,3,01/12/2026,TBA,null,null,ONLINE,TBA,Adams,35,35
1140,CJ,0220,INET,DLR,Crime Scene Photography,3,01/12/2026,TBA,null,null,ONLINE,TBA,Wilson,20,20
1141,CJ,0270,HYBD,CMB,Police and Society,3,01/12/2026,T,0930,1045,JUSTCE,147,Hulderman,35,35
1142,CJ,0280,INET,DLR,Professional Writing in CJ,3,01/12/2026,TBA,null,null,ONLINE,TBA,Theis,35,35
1143,CJ,0300,HYBD,CMB,Criminal Investigation,3,01/12/2026,T,0800,0915,JUSTCE,147,Walthall,35,35
1144,CJ,0301,HYBD,CMB,International Justice Systems,3,01/12/2026,R,0930,1045,JUSTCE,147,Gunderman,35,35
1145,CJ,0301,INET,DLR,International Justice Systems,3,01/12/2026,TBA,null,null,ONLINE,TBA,Walthall,35,35
1146,CJ,0305,HYBD,CMB,CJ Research Methods,3,01/12/2026,"M,W",1000,1050,JUSTCE,116,Hulderman,20,20
1147,CJ,0305,INET,DLR,CJ Research Methods,3,01/12/2026,TBA,null,null,ONLINE,TBA,Gunderman,20,20
1148,CJ,0315,HYBD,CMB,Firearms II,3,01/12/2026,"M,W",1200,1250,JUSTCE,116,Walthall,20,20
1149,CJ,0340,TRAD,CLS,Crime Scene Investigation II,3,01/12/2026,"T,R",1100,1215,JUSTCE,049,Adelizzi,24,24
1150,CJ,0340,TRAD,CLS,Crime Scene Investigation II,3,01/12/2026,M,1830,2115,JUSTCE,049,Adelizzi,24,24
1151,CJ,0340,INET,DLR,Crime Scene Investigation II,3,01/12/2026,TBA,null,null,ONLINE,TBA,Adelizzi,24,24
1152,CJ,0350,INET,DLR,Fish and Game Enforcement,3,01/12/2026,TBA,null,null,ONLINE,TBA,Adams,35,35
1153,CJ,0365,HYBD,CMB,CJ Theory and Policy,3,01/12/2026,"M,W",0900,0950,JUSTCE,147,Gunderman,35,35
1155,CJ,0405,INET,DLR,Homicide Investigation II,3,01/12/2026,TBA,null,null,ONLINE,TBA,Dagnan,35,35
1156,CJ,0412,INET,DLR,Correctional Practices,3,01/12/2026,TBA,null,null,ONLINE,TBA,Hulderman,35,35
1157,CJ,0432,INET,DLR,Ethics in Criminal Justice,3,01/12/2026,TBA,null,null,ONLINE,TBA,Hulderman,35,35
1158,CJ,0450,TRAD,CLS,Criminal Evidence,3,01/12/2026,"T,R",1300,1415,JUSTCE,147,Adelizzi,35,35
1159,CJ,0491,INDV,INT,Internship in Criminal Justice,4,01/12/2026,TBA,null,null,TBA,TBA,Shoaf,5,5
1160,CJ,0495,INET,DLR,Capstone in Criminal Justice,3,01/12/2026,TBA,null,null,ONLINE,TBA,Walthall,35,35
1072,COMM,0100,HYBD,CMB,Oral Communication,3,01/12/2026,T,1300,1415,WEBSTR,111,Mehrens,30,30
1078,COMM,0100,HYBD,CMB,Oral Communication,3,01/12/2026,T,0930,1045,WEBSTR,111,Trude,30,30
1079,COMM,0100,HYBD,CMB,Oral Communication,3,01/12/2026,"M,W",1400,1450,WEBSTR,111,Slavings,30,30
1080,COMM,0100,INET,DLR,Oral Communication,3,01/12/2026,TBA,null,null,TBA,TBA,Bryant,30,30
1082,COMM,0100,INET,DLR,Oral Communication,3,03/09/2026,TBA,null,null,ONLINE,TBA,TBA,30,30
1112,COMM,0101,HYBD,CMB,Intro to Human Communication,3,01/12/2026,"M,W",0900,0950,WEBSTR,111,Bryant,25,25
1115,COMM,0111,TRAD,CLS,Media Writing,3,01/12/2026,"M,W,F",1100,1150,WEBSTR,111,Trude,25,25
1120,COMM,0200,TRAD,CLS,Audio Production for Media,3,01/12/2026,"T,R",0930,1045,WEBSTR,307,Mehrens,20,20
1122,COMM,0215,TRAD,CLS,Interpersonal Communication,3,01/12/2026,"T,R",1100,1215,WEBSTR,305,Slavings,25,25
1123,COMM,0220,INDV,INT,Chart Practicum,1,01/12/2026,"T,R",1220,1250,WEBSTR,330,Trude,20,20
1124,COMM,0220,INDV,INT,PR Practicum,1,01/12/2026,"T,R",1220,1250,WEBSTR,305,Slavings,20,20
1127,COMM,0220,INDV,INT,KXMS Practicum,1,01/12/2026,"T,R",1220,1250,WEBSTR,111,Mehrens,20,20
1129,COMM,0220,INDV,INT,KGCS Practicum,1,01/12/2026,"M,W",1300,1350,WEBSTR,159,Langley,20,20
1131,COMM,0302,TRAD,CLS,Photocommunications I,3,01/12/2026,"M,W,F",1200,1250,WEBSTR,111,Mehrens,15,15
1226,COMM,0305,TRAD,CLS,Intercultural Communication,3,01/12/2026,"T,R",0930,1045,WEBSTR,111,Kim,8,8
1228,COMM,0305,INET,DLR,Intercultural Communication,3,01/12/2026,TBA,null,null,ONLINE,TBA,Mehrens,8,8
1132,COMM,0330,INDV,INT,Chart Practicum,1,01/12/2026,"T,R",1220,1250,TBA,TBA,Trude,23,23
1133,COMM,0330,INDV,INT,PR Practicum,1,01/12/2026,"T,R",1220,1250,WEBSTR,305,Slavings,20,20
1206,COMM,0330,INDV,INT,KXMS Practicum,1,01/12/2026,"T,R",1220,1250,WEBSTR,111,Mehrens,20,20
1208,COMM,0330,INDV,INT,KGCS Practicum,1,01/12/2026,"M,W",1300,1350,WEBSTR,159,Langley,20,20
1232,COMM,0365,TRAD,CLS,Health Communication,3,01/12/2026,"M,W,F",1000,1050,WEBSTR,305,Slavings,5,5
1210,COMM,0410,INET,DLR,Crisis Communication,3,01/12/2026,TBA,null,null,ONLINE,TBA,Trude,25,25
1212,COMM,0470,TRAD,CLS,New Media Technology,3,01/12/2026,"M,W,F",1100,1150,WEBSTR,305,Kim,25,25
1219,COMM,0492,INET,DLR,Communication Issues,3,01/12/2026,TBA,null,null,TBA,TBA,Kim,25,25
1220,COMM,0498,TRAD,CLS,Advanced Topics Communication,1,01/12/2026,"M,W,F",1000,1050,WEBSTR,307,Mehrens,20,20
1644,DATA,0540,HYBD,GL2,Big Data Modeling & Analysis,3,03/09/2026,T,1800,2100,PLASTR,303,Awasthi,30,30
1650,DATA,0540,INET,GL2,Big Data Modeling & Analysis,3,03/09/2026,T,1800,2100,PLASTR,303,Awasthi,30,30
1677,DATA,0550,HYBD,GL2,Machine Learning,3,01/12/2026,M,1800,2100,PLASTR,303,TBA,30,30
1678,DATA,0550,INET,GL2,Machine Learning,3,01/12/2026,M,1800,2100,TBA,TBA,TBA,30,30
1680,DATA,0555,HYBD,GL2,Artificial Intelligence,3,03/09/2026,M,1800,2100,TBA,TBA,TBA,30,30
1682,DATA,0555,INET,GL2,Artificial Intelligence,3,03/09/2026,M,1800,2100,TBA,TBA,TBA,30,30
1666,DH,0105,TRAD,LAB,Fundamentals Instrumentation,2,01/12/2026,M,0830,1600,LEONHS,114,Christian,30,30
1668,DH,0120,TRAD,CLS,Dental Hygiene Concepts,2,01/12/2026,T,1000,1150,LEONHS,111,Christian,30,30
1672,DH,0160,TRAD,CLS,Dental Radiology,3,01/12/2026,"T,R",1300,1420,LEONHS,111,Rogers,30,30
1676,DH,0165,TRAD,LAB,Dental Radiology Lab,1,01/12/2026,W,0830,1020,LEONHS,116,Rogers,6,6
1679,DH,0165,TRAD,LAB,Dental Radiology Lab,1,01/12/2026,W,1030,1220,LEONHS,115,Rogers,6,6
1681,DH,0165,TRAD,LAB,Dental Radiology Lab,1,01/12/2026,W,1300,1450,LEONHS,115,Rogers,6,6
1825,DH,0165,TRAD,LAB,Dental Radiology Lab,1,01/12/2026,F,0830,1020,TBA,TBA,Rogers,6,6
1828,DH,0165,TRAD,LAB,Dental Radiology Lab,1,01/12/2026,F,1030,1220,LEONHS,115,Rogers,6,6
1830,DH,0301,HYBD,CMB,Community Dental Hth Practicum,1,01/12/2026,TBA,null,null,TBA,TBA,Schneickert,30,30
1831,DH,0310,HYBD,CMB,Nutrition,2,01/12/2026,R,1000,1050,LEONHS,111,Cullers,30,30
1832,DH,0325,TRAD,CLS,Dental Practice Management,1,01/12/2026,W,0800,0850,LEONHS,111,Merritt,30,30
1834,DH,0350,TRAD,CLS,Periodontics,3,01/12/2026,"T,R",0830,0950,LEONHS,111,Christian,30,30
1835,DH,0390,INDV,CLN,Clinical Dental Hygiene III,4,01/12/2026,"T,R",0730,1630,LEONHS,115,Merritt,30,30
1837,DH,0395,TRAD,CLS,Senior Seminar in DH,1,01/12/2026,W,1000,1050,LEONHS,111,Merritt,30,30
1301,ECON,0201,TRAD,CLS,Principles Economics (Macro),3,01/12/2026,"M,W,F",1200,1250,PLASTR,322,Butt,35,35
1302,ECON,0201,TRAD,CLS,Principles Economics (Macro),3,01/12/2026,"T,R",0930,1045,PLASTR,322,Woodmansee,35,35
1303,ECON,0201,INET,DLR,Principles Economics (Macro),3,01/12/2026,TBA,null,null,ONLINE,TBA,Abrahams,35,35
1307,ECON,0202,TRAD,CLS,Principles Economics (Micro),3,01/12/2026,"T,R",1100,1215,PLASTR,322,Abrahams,35,35
1308,ECON,0202,TRAD,CLS,Principles Economics (Micro),3,01/12/2026,"M,W,F",1100,1150,PLASTR,322,Bosompim,35,35
1309,ECON,0202,INET,DLR,Principles Economics (Micro),3,01/12/2026,TBA,null,null,ONLINE,TBA,Bosompim,35,35
1310,ECON,0300,TRAD,CLS,Money & Financial Institutions,3,01/12/2026,"M,W,F",0900,0950,PLASTR,203,Butt,35,35
1312,ECON,0301,TRAD,CLS,Managerial Economics,3,01/12/2026,"T,R",0800,0915,PLASTR,322,Abrahams,35,35
1270,EDUC,0100,TRAD,CLS,Introduction to Teacher Educ I,3,01/12/2026,"T,R",0930,1045,TAYLOR,212,Locher,30,30
1306,EDUC,0100,TRAD,CLS,Introduction to Teacher Educ I,3,01/12/2026,"M,W,F",0900,0950,TAYLOR,113,Neugebauer,30,30
1311,EDUC,0280,TRAD,CLS,Foundations Educ a Global Soc,3,01/12/2026,"M,W,F",1100,1150,TAYLOR,113,Karami,24,24
1313,EDUC,0280,TRAD,CLS,Foundations Educ a Global Soc,3,01/12/2026,"T,R",1300,1415,TAYLOR,217,Schisler,24,24
1314,EDUC,0302,TRAD,CLS,The Exceptional Child,3,01/12/2026,"T,R",1100,1215,TAYLOR,212,Locher,30,30
1315,EDUC,0302,INET,DLR,The Exceptional Child,3,01/12/2026,TBA,null,null,TBA,TBA,Locher,24,24
1316,EDUC,0311,TRAD,CLS,Science in the Elem. School,3,01/12/2026,"T,R",0930,1045,TAYLOR,217,Schisler,24,24
1317,EDUC,0311,INET,DLR,Science in the Elem. School,3,01/12/2026,TBA,null,null,TBA,TBA,Broaddus,24,24
1318,EDUC,0311,INET,DLR,Science in the Elem. School,3,01/12/2026,TBA,null,null,ONLINE,TBA,Schisler,24,24
1319,EDUC,0312,INET,DLR,Teaching Math in the Elem Sch,3,01/12/2026,TBA,null,null,TBA,TBA,Neugebauer,15,15
1323,EDUC,0312,TRAD,CLS,Teaching Math in the Elem Sch,3,01/12/2026,"T,R",1100,1215,TAYLOR,114,Neugebauer,24,24
1327,EDUC,0316,TRAD,CLS,"Home,School,Comm in EC Ed 2",3,01/12/2026,"T,R",0930,1045,TAYLOR,106,Heavin,24,24
1334,EDUC,0317,INET,DLR,Program Mgmt EC Educ 1,4,01/12/2026,TBA,null,null,TBA,TBA,Surbrugg,24,24
1336,EDUC,0317,TRAD,CLS,Program Mgmt EC Educ 1,4,01/12/2026,"M,F",1300,1350,TAYLOR,113,Schmidt,24,24
1344,EDUC,0321,TRAD,CLS,Microteaching,1,01/12/2026,"T,R",0900,1050,TAYLOR,115,Craig,18,18
1345,EDUC,0321,TRAD,CLS,Microteaching,1,01/12/2026,"M,W",0900,1045,TAYLOR,126,Durborow,18,18
1346,EDUC,0321,TRAD,CLS,Microteaching,1,01/12/2026,"M,W",0900,1050,TAYLOR,129,Foister,18,18
1349,EDUC,0322,TRAD,CLS,Teaching Soc Studies in Elem,3,01/12/2026,"T,R",0800,0915,TAYLOR,114,Neugebauer,24,24
1350,EDUC,0322,INET,DLR,Teaching Soc Studies in Elem,3,01/12/2026,TBA,null,null,TBA,TBA,Neugebauer,24,24
1351,EDUC,0322,INET,DLR,Teaching Soc Studies in Elem,3,01/12/2026,TBA,null,null,TBA,TBA,Wilson,24,24
1353,EDUC,0329,TRAD,CLS,Pedagog Thry Mthd & Practices,4,01/12/2026,"T,R",0900,1050,TAYLOR,115,Craig,18,18
1354,EDUC,0329,TRAD,CLS,Pedagog Thry Mthd & Practices,4,01/12/2026,"M,W",0900,1050,TAYLOR,126,Durborow,18,18
1355,EDUC,0329,TRAD,CLS,Pedagog Thry Mthd & Practices,4,01/12/2026,"M,W",0900,1050,TAYLOR,129,Foister,18,18
1358,EDUC,0331,INET,DLR,Lang. Dev. Exceptional Learner,3,01/12/2026,TBA,null,null,TBA,TBA,Locher,24,24
1428,EDUC,0340,INET,DLR,Language Arts,2,01/12/2026,TBA,null,null,TBA,TBA,Foister,20,20
1429,EDUC,0340,TRAD,CLS,Language Arts,2,01/12/2026,"M,W",0900,0950,TAYLOR,106,Heavin,20,20
1430,EDUC,0340,INET,DLR,Language Arts,2,01/12/2026,TBA,null,null,TBA,TBA,Heavin,25,25
1431,EDUC,0342,TRAD,CLS,Develop. Reading: Elementary,3,01/12/2026,"M,W,F",1000,1050,TAYLOR,106,Heavin,20,20
1432,EDUC,0342,INET,DLR,Develop. Reading: Elementary,3,01/12/2026,TBA,null,null,TBA,TBA,Heavin,25,25
1433,EDUC,0342,INET,DLR,Develop. Reading: Elementary,3,01/12/2026,TBA,null,null,TBA,TBA,Goswick,24,24
1434,EDUC,0343,TRAD,CLS,Content Area Lit: Elementary,1,01/12/2026,T,1400,1450,TBA,TBA,Foister,20,20
1435,EDUC,0380,INET,DLR,Second Language Acquisition,3,01/12/2026,TBA,null,null,TBA,TBA,Johnson,24,24
1438,EDUC,0381,INET,DLR,Culture & Language Acquisition,3,03/09/2026,TBA,null,null,TBA,TBA,Johnson,24,24
1439,EDUC,0385,INET,DLR,Assessment Strategies for ELL,3,03/09/2026,TBA,null,null,TBA,TBA,Karami,24,24
1440,EDUC,0387,INET,DLR,Linguistics & English Lngstics,3,01/12/2026,TBA,null,null,TBA,TBA,Karami,24,24
1441,EDUC,0415,TRAD,CLS,Intgrtd Elem Methods Practicum,3,01/12/2026,W,0800,1500,TAYLOR,113,Karami,30,30
1442,EDUC,0415,TRAD,CLS,Intgrtd Elem Methods Practicum,3,01/12/2026,W,0800,1500,TAYLOR,113,Neugebauer,30,30
1443,EDUC,0422,HYBD,CMB,Content Area Lit I: Sec/MS,3,01/12/2026,"M,W,F",1100,1150,TAYLOR,115,Craig,24,24
1444,EDUC,0423,TRAD,CLS,Classroom&Behavior Management,3,01/12/2026,"M,W,F",1300,1350,TAYLOR,217,Rice,24,24
1445,EDUC,0423,TRAD,CLS,Classroom&Behavior Management,3,01/12/2026,"T,R",1100,1215,TAYLOR,213,Vieselmeyer,24,24
1446,EDUC,0424,HYBD,CMB,Content Area Lit II: Sec Intvn,3,03/09/2026,"M,W,F",1100,1150,TAYLOR,115,Craig,24,24
1447,EDUC,0429,INET,DLR,Assessment of Student Learning,3,01/12/2026,TBA,null,null,TBA,TBA,Fields,24,24
1448,EDUC,0432,TRAD,CLS,Critical Issues in Education,2,01/12/2026,W,0800,1700,TBA,TBA,Rice,30,30
1449,EDUC,0432,TRAD,CLS,Critical Issues in Education,2,01/12/2026,W,0800,1700,TBA,TBA,Vieselmeyer,30,30
1450,EDUC,0432,INET,DLR,Critical Issues in Education,2,01/12/2026,TBA,null,null,TBA,TBA,Heavin,24,24
1451,EDUC,0470,TRAD,CLS,Assessments Rdng Instruction,3,01/12/2026,"T,R",1230,1345,TBA,TBA,Foister,20,20
1452,EDUC,0474,HYBD,CMB,Educal-Psych Test Special Educ,3,01/12/2026,"M,F",1200,1250,TAYLOR,108,Rice,24,24
1455,EDUC,0475,INDV,FCL,Student Teaching,10,01/12/2026,TBA,null,null,TBA,TBA,Arner,10,10
1456,EDUC,0475,INDV,FCL,Student Teaching,10,01/12/2026,TBA,null,null,TBA,TBA,Foister,10,10
1458,EDUC,0475,INDV,FCL,Student Teaching,10,01/12/2026,TBA,null,null,TBA,TBA,Craig,10,10
1459,EDUC,0475,INDV,FCL,Student Teaching,10,01/12/2026,TBA,null,null,TBA,TBA,Goswick,10,10
1460,EDUC,0475,INDV,FCL,Student Teaching,10,01/12/2026,TBA,null,null,TBA,TBA,Goswick,10,10
1462,EDUC,0475,INDV,FCL,Student Teaching,10,01/12/2026,TBA,null,null,TBA,TBA,Gubera,10,10
1463,EDUC,0475,INDV,FCL,Student Teaching,10,01/12/2026,TBA,null,null,TBA,TBA,Harter,10,10
1464,EDUC,0475,INDV,FCL,Student Teaching,10,01/12/2026,TBA,null,null,TBA,TBA,Heavin,10,10
1465,EDUC,0475,INDV,FCL,Student Teaching,10,01/12/2026,TBA,null,null,TBA,TBA,Jacobs,10,10
1466,EDUC,0475,INDV,FCL,Student Teaching,10,01/12/2026,TBA,null,null,TBA,TBA,Jones,10,10
1467,EDUC,0475,INDV,FCL,Student Teaching,10,01/12/2026,TBA,null,null,TBA,TBA,Karami,10,10
1468,EDUC,0475,INDV,FCL,Student Teaching,10,01/12/2026,TBA,null,null,TBA,TBA,Lipira,10,10
1469,EDUC,0475,INDV,FCL,Student Teaching,10,01/12/2026,TBA,null,null,TBA,TBA,Locher,10,10
1470,EDUC,0475,INDV,FCL,Student Teaching,10,01/12/2026,TBA,null,null,TBA,TBA,Mintert,10,10
1471,EDUC,0475,INDV,FCL,Student Teaching,10,01/12/2026,TBA,null,null,TBA,TBA,OHanahan,10,10
1473,EDUC,0475,INDV,FCL,Student Teaching,10,01/12/2026,TBA,null,null,TBA,TBA,Schiding,10,10
1474,EDUC,0475,INDV,FCL,Student Teaching,10,01/12/2026,TBA,null,null,TBA,TBA,Dodson,10,10
1475,EDUC,0475,INDV,FCL,Student Teaching,10,01/12/2026,TBA,null,null,TBA,TBA,Thurman,10,10
1476,EDUC,0475,INDV,FCL,Student Teaching,10,01/12/2026,TBA,null,null,TBA,TBA,Watkins,10,10
1477,EDUC,0475,INDV,FCL,Student Teaching,10,01/12/2026,TBA,null,null,TBA,TBA,Vieselmeyer,10,10
2020,EDUC,0475,INDV,FCL,Student Teaching,10,01/12/2026,TBA,null,null,TBA,TBA,Klaver,10,10
2021,EDUC,0475,INDV,FCL,Student Teaching,10,01/12/2026,TBA,null,null,TBA,TBA,Oakes,10,10
2022,EDUC,0475,INDV,FCL,Student Teaching,10,01/12/2026,TBA,null,null,TBA,TBA,Coltharp,10,10
2027,EDUC,0475,INDV,FCL,Student Teaching,10,01/12/2026,TBA,null,null,TBA,TBA,Degraffenreid,10,10
1484,EDUC,0482,TRAD,CLS,Practicum for Teaching ELL,3,01/12/2026,W,0800,1500,TAYLOR,113,Karami,10,10
1485,EDUC,0482,TRAD,CLS,Practicum for Teaching ELL,3,01/12/2026,W,0800,1500,TAYLOR,113,Neugebauer,10,10
1486,EDUC,0585,INET,GDL,Adv Asmt Strategies in ELL,3,03/09/2026,TBA,null,null,TBA,TBA,Karami,20,20
1487,EDUC,0587,INET,GDL,Linguistics & English Lngstics,3,01/12/2026,TBA,null,null,TBA,TBA,Karami,20,20
1488,EDUC,0597,INET,GDL,Special Topics in Literacy,3,01/12/2026,TBA,null,null,TBA,TBA,Schmidt,100,100
1489,EDUC,0597,INET,GDL,Special Topics in Literacy,6,01/12/2026,TBA,null,null,TBA,TBA,TBA,100,100
1490,EDUC,0602,INET,GDL,Intro High Incidence Except..,3,01/12/2026,TBA,null,null,TBA,TBA,Rice,15,15
1491,EDUC,0604,INET,GDL,Introduction to Counseling,3,03/09/2026,TBA,null,null,TBA,TBA,Mitchell,20,20
1492,EDUC,0607,INET,GDL,Leadership Capstone,3,01/12/2026,TBA,null,null,TBA,TBA,Durborow,15,15
1493,EDUC,0630,INET,GDL,Assessment of Student Learning,3,03/09/2026,TBA,null,null,TBA,TBA,Landburg,15,15
1494,EDUC,0630,INET,GDL,Assessment of Student Learning,3,03/09/2026,TBA,null,null,TBA,TBA,Marion,15,15
1495,EDUC,0630,INET,GDL,Assessment of Student Learning,3,03/09/2026,TBA,null,null,TBA,TBA,Weaver,15,15
1496,EDUC,0630,INET,GDL,Assessment of Student Learning,3,03/09/2026,TBA,null,null,TBA,TBA,Yoakam,15,15
1497,EDUC,0632,INET,GDL,Critical Issues,1,01/12/2026,TBA,null,null,TBA,TBA,Schisler,30,30
1498,EDUC,0634,INET,GDL,Law Ethics & Policy K12,3,01/12/2026,TBA,null,null,TBA,TBA,Mitchell,20,20
1499,EDUC,0645,INET,GDL,Tch Met & Inst Strat Subj Area,3,03/09/2026,TBA,null,null,TBA,TBA,Van Otterloo,15,15
1500,EDUC,0650,INET,GDL,Research Design,3,01/12/2026,TBA,null,null,TBA,TBA,Foister,12,12
1501,EDUC,0650,INET,GDL,Research Design,3,01/12/2026,TBA,null,null,TBA,TBA,Grab,12,12
1502,EDUC,0650,INET,GDL,Research Design,3,01/12/2026,TBA,null,null,TBA,TBA,Schisler,12,12
1503,EDUC,0650,INET,GDL,Research Design,3,01/12/2026,TBA,null,null,TBA,TBA,Van Otterloo,12,12
1504,EDUC,0650,INET,GDL,Research Design,3,01/12/2026,TBA,null,null,TBA,TBA,Young,12,12
2025,EDUC,0662,INDV,GLF,Student Teaching InternshipMAT,9,01/12/2026,TBA,null,null,TBA,TBA,Gubera,10,10
2026,EDUC,0662,INDV,GLF,Student Teaching InternshipMAT,9,01/12/2026,TBA,null,null,TBA,TBA,Harter,10,10
2080,EDUC,0662,INDV,GLF,Student Teaching InternshipMAT,9,01/12/2026,TBA,null,null,ONLINE,TBA,Schisler,10,10
1938,EH,0107,TRAD,CLS,Environmental Science,3,01/12/2026,"M,W,F",1200,1250,REYNLD,235,Perkins,30,30
1940,EH,0107,INET,DLR,Environmental Science,3,01/12/2026,TBA,null,null,ONLINE,TBA,Edwards,30,30
1941,EH,0298,INET,DLR,OSHA 24 HAZWOPER Training,1,01/12/2026,TBA,null,null,ONLINE,TBA,Perkins,30,30
1942,EH,0311,INET,DLR,Soils for Env. Health & Safety,2,01/12/2026,TBA,null,null,ONLINE,TBA,Perkins,30,30
1943,EH,0312,TRAD,CLS,Environmental Biology,3,01/12/2026,"M,W,F",1100,1150,REYNLD,235,Boman,15,15
1945,EH,0370,INET,DLR,Environmental Health & Safety,3,01/12/2026,TBA,null,null,ONLINE,TBA,Newcomb,10,10
1946,EH,0371,TRAD,CLS,Environmental Toxicology,3,01/12/2026,"M,W,F",0900,0950,REYNLD,235,Boman,15,15
1948,EH,0372,TRAD,CLS,Environmental Regulations,3,01/12/2026,"M,W,F",1000,1050,REYNLD,235,Perkins,30,30
1949,EH,0379,INET,DLR,Career Planning for EH&Safety,1,01/12/2026,TBA,null,null,ONLINE,TBA,Boman,30,30
1951,EH,0380,INET,DLR,Epidemiology,3,01/12/2026,TBA,null,null,ONLINE,TBA,Welicky,10,10
1952,EH,0404,TRAD,CLS,App in Geographic Info Systems,3,01/12/2026,"T,R",1100,1215,REYNLD,107,Kilmer,9,9
1953,EH,0410,INET,DLR,Hazardous Incident Management,2,03/09/2026,TBA,null,null,ONLINE,TBA,Perkins,30,30
1955,EH,0411,INET,DLR,Hazardous Material Safety,2,01/12/2026,TBA,null,null,ONLINE,TBA,Boman,30,30
1957,EH,0481,INET,DLR,Environ Risk Safety Mgmt,3,01/12/2026,TBA,null,null,ONLINE,TBA,Perkins,30,30
1035,ENG,0080,HYBD,CMB,Basic Composition,3,01/12/2026,"M,W",0900,0950,KUHN,210,Gates,25,25
1036,ENG,0080,HYBD,CMB,Basic Composition,3,01/12/2026,"M,W",1000,1050,KUHN,210,Gates,25,25
1038,ENG,0101,TRAD,CLS,College Composition I (WI),3,01/12/2026,"M,W,F",1100,1150,KUHN,101,Kuhn,25,25
1039,ENG,0101,HYBD,CMB,College Composition I (WI),3,01/12/2026,"M,W",1000,1050,KUHN,201,Casey,24,24
1040,ENG,0101,HYBD,CMB,College Composition I (WI),3,01/12/2026,"M,W",1200,1250,KUHN,201,Casey,25,25
1041,ENG,0101,TRAD,CLS,College Composition I (WI),3,01/12/2026,"M,W,F",1300,1350,KUHN,101,Kuhn,25,25
1042,ENG,0101,INET,DLR,College Comp I-Food & Culture,3,01/12/2026,TBA,null,null,TBA,TBA,McGunigal,25,25
1043,ENG,0101,INET,DLR,College Comp I-Food & Culture,3,01/12/2026,TBA,null,null,TBA,TBA,McGunigal,25,25
1044,ENG,0101,INET,DLR,College Composition I (WI),3,01/12/2026,TBA,null,null,TBA,TBA,Moss,25,25
1045,ENG,0102,TRAD,CLS,College Composition II (WI),3,01/12/2026,"M,W,F",0900,0950,KUHN,101,Beilfuss,25,25
1046,ENG,0102,TRAD,CLS,College Composition II (WI),3,01/12/2026,"M,W,F",1000,1050,KUHN,101,Beilfuss,25,25
1047,ENG,0102,TRAD,CLS,College Composition II (WI),3,01/12/2026,"T,R",0930,1045,KUHN,201,Casey,24,24
1048,ENG,0102,TRAD,CLS,College Composition II (WI),3,01/12/2026,"T,R",1300,1415,KUHN,101,TBA,25,25
1049,ENG,0102,TRAD,CLS,College Composition II (WI),3,01/12/2026,"M,W,F",1100,1150,KUHN,103,Lozano-Pittsley,25,25
1050,ENG,0102,TRAD,CLS,College Composition II (WI),3,01/12/2026,"M,W,F",1200,1250,TBA,TBA,Lozano-Pittsley,25,25
1055,ENG,0102,TRAD,CLS,College Composition II (WI),3,01/12/2026,"T,R",1100,1215,KUHN,103,Lozano-Pittsley,25,25
1056,ENG,0102,INET,DLR,College Composition II (WI),3,01/12/2026,TBA,null,null,TBA,TBA,Dow,25,25
1062,ENG,0102,INET,DLR,College Composition II (WI),3,01/12/2026,TBA,null,null,TBA,TBA,Anderson,25,25
1063,ENG,0102,INET,DLR,College Composition II (WI),3,01/12/2026,TBA,null,null,TBA,TBA,Anderson,25,25
1064,ENG,0202,TRAD,CLS,Writing & Research in English,3,01/12/2026,"M,W,F",0900,0950,TBA,TBA,TBA,25,25
1083,ENG,0240,INET,DLR,The Short Story,3,01/12/2026,TBA,null,null,TBA,TBA,Dow,25,25
1085,ENG,0240,INET,DLR,The Short Story,3,01/12/2026,TBA,null,null,TBA,TBA,Dow,25,25
1089,ENG,0250,TRAD,CLS,Introduction to Literature,3,01/12/2026,"T,R",1100,1215,KUHN,201,Casey,24,24
1092,ENG,0250,INET,DLR,Introduction to Literature,3,01/12/2026,TBA,null,null,TBA,TBA,Watson,25,25
1121,ENG,0253,HYBD,CMB,Women's Literature,3,01/12/2026,R,0800,0915,PLASTR,208,McGunigal,25,25
1125,ENG,0272,TRAD,CLS,British Lit 18th C - Present,3,01/12/2026,"T,R",0930,1045,KUHN,210,Gates,25,25
1126,ENG,0281,TRAD,CLS,American Lit Beginning-19th C,3,01/12/2026,W,1430,1700,PLASTR,208,McGunigal,25,25
1436,ENG,0281,TRAD,CLS,American Lit Begin-19th C HN,3,01/12/2026,"T,R",1100,1215,LBRARY,102D,Howarth,15,15
1128,ENG,0282,TRAD,CLS,American Lit 19th C - Present,3,01/12/2026,"M,W,F",1100,1150,KUHN,102,Beilfuss,25,25
1130,ENG,0312,HYBD,CMB,Advanced Professional Writing,3,01/12/2026,"M,W",1200,1250,KUHN,210,Gates,25,25
1193,ENG,0313,HYBD,CMB,Technical Writing,3,01/12/2026,"M,W",1100,1150,LBRARY,102D,Jensen,24,24
1194,ENG,0317,TRAD,CLS,Creative Writing: Fiction,3,01/12/2026,"T,R",1100,1215,KUHN,210,Dow,25,25
1195,ENG,0330,TRAD,CLS,Young Adult Literature,3,01/12/2026,"T,R",1300,1415,LBRARY,102D,Howarth,24,24
1197,ENG,0371,TRAD,CLS,British Lit: Race in MA & R,3,01/12/2026,"M,W,F",1000,1050,KUHN,102,Kuhn,25,25
1198,ENG,0381,TRAD,CLS,American Lit: Cormac McCarthy,3,01/12/2026,"M,W,F",1300,1350,KUHN,102,Beilfuss,25,25
1196,ENG,0400,TRAD,CLS,History of English Language,3,01/12/2026,"M,W,F",1400,1450,KUHN,101,Kuhn,25,25
1201,ENG,0491,INDV,INT,Internship in English,3,01/12/2026,TBA,null,null,TBA,TBA,TBA,15,15
1202,ENG,0495,TRAD,CLS,Senior Seminar,3,01/12/2026,"T,R",1430,1545,KUHN,102,Watson,15,15
1203,ENG,0498,TRAD,CLS,Video Game Writing,3,01/12/2026,"T,R",1300,1415,KUHN,201,Casey,15,15
1320,ENT,0200,INET,DLR,Entrepreneurship & Opportunity,3,01/12/2026,TBA,null,null,ONLINE,TBA,Woodmansee,35,35
1321,ENT,0350,INET,DLR,Small Business Management,3,01/12/2026,TBA,null,null,ONLINE,TBA,Yantis,35,35
1322,ENT,0435,TRAD,CLS,Business Planning New Ventures,3,01/12/2026,"M,W,F",1100,1150,PLASTR,318,Cravens,35,35
1324,ENT,0440,TRAD,CLS,Sr. Entrepreneurship Consult,3,01/12/2026,"M,W,F",1200,1250,PLASTR,318,Cravens,35,35
1325,ENT,0491,INDV,INT,Internship in Entrepreneurship,1,01/12/2026,TBA,null,null,TBA,TBA,TBA,5,5
1326,ENT,0491,INDV,INT,Internship in Entrepreneurship,2,01/12/2026,TBA,null,null,TBA,TBA,TBA,5,5
1328,ENT,0491,INDV,INT,Internship in Entrepreneurship,3,01/12/2026,TBA,null,null,TBA,TBA,TBA,5,5
1407,ESL,0084,TRAD,CLS,L4:  ESL Composition,3,01/12/2026,"T,R",0900,1045,WEBSTR,311,Carmichael,25,25
1408,ESL,0087,TRAD,CLS,L4:  Academic ESL Skills,3,01/12/2026,"M,W",1300,1415,WEBSTR,311,Carmichael,25,25
1405,ESL,0092,TRAD,CLS,L5: Adv Speaking & Listening,3,01/12/2026,"T,R",1100,1215,WEBSTR,311,Carmichael,20,20
1406,ESL,0093,TRAD,CLS,Level 5: Advanced Reading,3,01/12/2026,"M,W",1100,1215,WEBSTR,311,Carmichael,25,25
1330,FIN,0101,TRAD,CLS,Intro Personl Finance Planning,3,01/12/2026,"M,W,F",0900,0950,PLASTR,322,Bosompim,35,35
1331,FIN,0101,TRAD,CLS,Intro Personl Finance Planning,3,01/12/2026,"T,R",0930,1045,PLASTR,211,Alcorn,35,35
1332,FIN,0101,INET,DLR,Intro Personl Finance Planning,3,01/12/2026,TBA,null,null,ONLINE,TBA,Bosompim,35,35
1333,FIN,0350,INET,DLR,Financial Management,3,01/12/2026,TBA,null,null,ONLINE,TBA,Nichols,35,35
1335,FIN,0350,TRAD,CLS,Financial Management,3,01/12/2026,"M,W,F",1000,1050,PLASTR,322,Butt,35,35
1337,FIN,0421,TRAD,CLS,Portfolio Management,3,01/12/2026,"T,R",1100,1215,PLASTR,203,Nichols,35,35
1338,FIN,0450,TRAD,CLS,Financial Strategy,3,01/12/2026,"T,R",0930,1045,PLASTR,306,Nichols,35,35
1339,FIN,0491,INDV,INT,Internship in Finance,1,01/12/2026,TBA,null,null,TBA,TBA,TBA,5,5
1340,FIN,0491,INDV,INT,Internship in Finance,2,01/12/2026,TBA,null,null,TBA,TBA,TBA,5,5
1342,FIN,0491,INDV,INT,Internship in Finance,3,01/12/2026,TBA,null,null,TBA,TBA,TBA,5,5
1004,FSN,0101,TRAD,CLS,Introduction to Food Science,3,01/12/2026,"M,W,F",0900,0950,REYNLD,320,Silensky,24,24
1787,FSN,0310,TRAD,CLS,Principles of Food Processing,3,01/12/2026,W,1000,1300,TBA,TBA,Silensky,24,24
1343,GB,0301,INET,DLR,Legal Environment Business I,3,01/12/2026,TBA,null,null,ONLINE,TBA,Lonardo,35,35
1454,GB,0301,INET,DLR,Legal Environment Business I,3,01/12/2026,TBA,null,null,ONLINE,TBA,Lonardo,35,35
1457,GB,0301,TRAD,CLS,Legal Environment Business I,3,01/12/2026,"M,W,F",1100,1150,PLASTR,306,Lonardo,35,35
1461,GB,0320,TRAD,CLS,Business Communication,3,01/12/2026,"M,W,F",0800,0850,PLASTR,318,Dawson,35,35
1472,GB,0320,INET,DLR,Business Communication,3,03/09/2026,TBA,null,null,ONLINE,TBA,Dawson,35,35
1478,GB,0320,INET,DLR,Business Communication,3,01/12/2026,TBA,null,null,ONLINE,TBA,Myers,35,35
1480,GB,0321,TRAD,CLS,Business Statistics I,3,01/12/2026,"M,W,F",1100,1150,PLASTR,303,Awasthi,30,30
1481,GB,0321,HYBD,CMB,Business Statistics I,3,01/12/2026,W,0900,1050,PLASTR,103,Eronmwon,35,35
1482,GB,0321,INET,DLR,Business Statistics I,3,01/12/2026,TBA,null,null,ONLINE,TBA,Abrahams,35,35
1483,GB,0337,INET,DLR,Excel Skills for Professionals,3,01/12/2026,TBA,null,null,ONLINE,TBA,Dawson,35,35
1588,GB,0540,HYBD,GL2,Business Forecasting ...,3,03/09/2026,R,1800,2100,PLASTR,303,Awasthi,25,25
1589,GB,0540,INET,GL2,Business Forecasting ...,3,03/09/2026,R,1800,2100,PLASTR,303,Awasthi,25,25
1591,GB,0560,HYBD,GL2,Supply Chain Decision Modeling,3,01/12/2026,R,1800,2100,PLASTR,303,Awasthi,25,25
1592,GB,0560,INET,GL2,Supply Chain Decision Modeling,3,01/12/2026,R,1800,2100,PLASTR,303,Awasthi,25,25
1162,GEOG,0120,TRAD,CLS,Intro to Physical Geography,3,01/12/2026,"T,R",1430,1545,JUSTCE,014,Smith,29,29
1163,GEOG,0120,INET,DLR,Intro to Physical Geography,3,01/12/2026,TBA,null,null,ONLINE,TBA,Smith,35,35
1165,GEOG,0330,HYBD,CMB,"Globalization, DeGlobalization",3,01/12/2026,"M,W",1100,1150,JUSTCE,014,Smith,14,14
1924,GEOG,0404,TRAD,CLS,App in Geographic Info Systems,3,01/12/2026,"T,R",1100,1215,REYNLD,107,Kilmer,6,6
1166,GEOL,0120,HYBD,CMB,Introduction to Geology,4,01/12/2026,W,1400,1550,JUSTCE,015,Smith,20,20
1166,GEOL,0120,HYBD,CMB,Introduction to Geology,4,01/12/2026,"M,W",1000,1050,JUSTCE,014,Smith,20,20
1167,GOLD,0101,TRAD,CLS,Intro to Tactical Leadership,3,01/12/2026,"M,W,F",0600,0700,JUSTCE,130,Weldon,15,15
1167,GOLD,0101,TRAD,CLS,Intro to Tactical Leadership,3,01/12/2026,"T,R",1230,1345,JUSTCE,139,Weldon,15,15
1168,GOLD,0202,TRAD,CLS,Inter. Tactical Leadership,3,01/12/2026,"M,W,F",0600,0700,JUSTCE,130,Hobbs,15,15
1168,GOLD,0202,TRAD,CLS,Inter. Tactical Leadership,3,01/12/2026,"T,R",1100,1215,JUSTCE,139,Hobbs,15,15
1169,GOLD,0230,INET,DLR,Military History,3,01/12/2026,TBA,null,null,ONLINE,TBA,Hobbs,15,15
1170,GOLD,0302,TRAD,CLS,Advanced Tactical Leadership,3,01/12/2026,"T,R",0930,1045,JUSTCE,139,Hobbs,15,15
1170,GOLD,0302,TRAD,CLS,Advanced Tactical Leadership,3,01/12/2026,"M,W,F",0600,0700,JUSTCE,130,Hobbs,15,15
1171,GOLD,0402,TRAD,CLS,Company and Staff Leadership,3,01/12/2026,"M,W,F",0600,0700,JUSTCE,130,Hobbs,15,15
1171,GOLD,0402,TRAD,CLS,Company and Staff Leadership,3,01/12/2026,"T,R",0800,0915,JUSTCE,139,Hobbs,15,15
1411,HIST,0110,TRAD,CLS,US History 1492-1877,3,01/12/2026,"M,W,F",1200,1250,WEBSTR,TBA,TBA,30,30
1412,HIST,0110,INET,DLR,US History 1492-1877,3,01/12/2026,TBA,null,null,ONLINE,TBA,Mountz,30,30
1413,HIST,0110,INET,DLR,US History 1492-1877,3,01/12/2026,TBA,null,null,ONLINE,TBA,TBA,30,30
1414,HIST,0120,TRAD,CLS,US History 1877 to Present,3,01/12/2026,"T,R",0930,1045,WEBSTR,105,Mountz,30,30
1415,HIST,0120,TRAD,CLS,US History 1877 to Present,3,01/12/2026,"T,R",1100,1215,WEBSTR,105,TBA,30,30
1416,HIST,0120,INET,DLR,US History 1877 to Present,3,01/12/2026,TBA,null,null,ONLINE,TBA,Mountz,30,30
1417,HIST,0120,INET,DLR,US History 1877 to Present,3,03/09/2026,TBA,null,null,ONLINE,TBA,TBA,30,30
1418,HIST,0130,TRAD,CLS,Western Civilization to 1500,3,01/12/2026,"M,W,F",1000,1050,WEBSTR,106,Fischer,30,30
1419,HIST,0130,INET,DLR,Western Civilization to 1500,3,01/12/2026,TBA,null,null,ONLINE,TBA,TBA,38,38
1422,HIST,0140,TRAD,CLS,Western Civ since 1500,3,01/12/2026,"M,W,F",0900,0950,WEBSTR,205,Pettit,30,30
1423,HIST,0140,TRAD,CLS,Western Civ since 1500,3,01/12/2026,"M,W,F",1100,1150,WEBSTR,205,Pettit,30,30
1424,HIST,0140,TRAD,CLS,Western Civ since 1500,3,01/12/2026,"M,W,F",1200,1250,WEBSTR,205,Pettit,30,30
1425,HIST,0140,INET,DLR,Western Civ since 1500,3,01/12/2026,TBA,null,null,ONLINE,TBA,TBA,38,38
1426,HIST,0140,INET,DLR,Western Civ since 1500,3,03/09/2026,TBA,null,null,ONLINE,TBA,TBA,38,38
1427,HIST,0150,INET,DLR,Asian Civilizations,3,01/12/2026,TBA,null,null,ONLINE,TBA,Harris,38,38
1524,HIST,0201,TRAD,CLS,Intro to Historical Research,3,01/12/2026,"M,W,F",1300,1350,WEBSTR,204,Fischer,20,20
1525,HIST,0210,TRAD,CLS,Intro African-American Hist I,3,01/12/2026,"M,W,F",1000,1050,WEBSTR,208,Mountz,14,14
1526,HIST,0370,TRAD,CLS,Twentieth Century Europe,3,01/12/2026,"T,R",1100,1215,WEBSTR,208,Pettit,28,28
1527,HIST,0409,INET,DLR,American Revolution at 250,3,01/12/2026,TBA,null,null,ONLINE,TBA,Bever,20,20
1528,HIST,0415,TRAD,CLS,Early African American History,3,01/12/2026,"M,W,F",1000,1050,WEBSTR,208,Mountz,14,14
1529,HIST,0490,INET,DLR,Professional Seminar,1,01/12/2026,TBA,null,null,ONLINE,TBA,Bever,10,10
1533,HIST,0491,INDV,INT,MSSU Archives Internship,3,01/12/2026,TBA,null,null,TBA,TBA,Hamm,3,3
1534,HIST,0498,TRAD,CLS,History Through Games,3,01/12/2026,"T,R",1300,1415,WEBSTR,223,Fischer,20,20
1538,HIST,0511,INET,GDL,American Revolution at 250,3,01/12/2026,TBA,null,null,ONLINE,TBA,Bever,10,10
1859,HNRS,0298,TRAD,CLS,The Decade of Change,3,01/12/2026,"T,R",1100,1215,WEBSTR,129,Fordham,15,15
1865,HNRS,0298,TRAD,CLS,Tear Down This Wall,3,01/12/2026,"M,W",1400,1515,LBRARY,102D,Nichols,15,15
1868,HNRS,0298,TRAD,CLS,W Africa: Stories for the Road,3,01/12/2026,"M,W,F",1000,1050,LBRARY,102D,Jensen,15,15
1863,HNRS,0495,TRAD,CLS,The Decade of Change,3,01/12/2026,"T,R",1100,1215,WEBSTR,129,Fordham,15,15
1866,HNRS,0495,TRAD,CLS,Tear Down This Wall,3,01/12/2026,"M,W",1400,1515,LBRARY,102D,Nichols,15,15
1869,HNRS,0495,TRAD,CLS,W Africa: Stories for the Road,3,01/12/2026,"M,W,F",1000,1050,LBRARY,102D,Jensen,15,15
1506,HS,0101,INET,DLR,Intro to Health Professions,1,01/12/2026,TBA,null,null,TBA,TBA,Patrick,40,40
1507,HS,0111,TRAD,CLS,Medical Terminology,3,01/12/2026,"T,R",0800,0915,LEONHS,166,Whiteman,2,2
1508,HS,0111,TRAD,CLS,Medical Terminology,3,01/12/2026,"T,R",0800,0915,LEONHS,166,Whiteman,28,28
1509,HS,0111,TRAD,CLS,Medical Terminology,3,01/12/2026,"T,R",1300,1415,LEONHS,166,Whiteman,8,8
1510,HS,0111,TRAD,CLS,Medical Terminology,3,01/12/2026,"T,R",1300,1415,LEONHS,166,Whiteman,22,22
1511,HS,0111,INET,DLR,Medical Terminology,3,01/12/2026,TBA,null,null,TBA,TBA,Patrick,40,40
1512,HS,0111,INET,DLR,Medical Terminology,3,01/12/2026,TBA,null,null,TBA,TBA,Smith,40,40
1513,HS,0112,INET,DLR,Intro ECG Interpretation,1,01/12/2026,TBA,null,null,TBA,TBA,Walker,40,40
1227,HS,0305,TRAD,CLS,Intercultural Communication,3,01/12/2026,"T,R",0930,1045,WEBSTR,111,Kim,22,22
1229,HS,0305,INET,DLR,Intercultural Communication,3,01/12/2026,TBA,null,null,ONLINE,TBA,Mehrens,22,22
1840,HS,0312,INET,DLR,Biomedical Ethics,3,01/12/2026,TBA,null,null,ONLINE,TBA,Hunt,20,20
1841,HS,0312,INET,DLR,Biomedical Ethics,3,01/12/2026,TBA,null,null,ONLINE,TBA,Hunt,20,20
1842,HS,0312,INET,DLR,Biomedical Ethics,3,01/12/2026,TBA,null,null,ONLINE,TBA,Hunt,20,20
2024,HS,0315,INET,DLR,Mgd Care/Population Health,2,01/12/2026,TBA,null,null,TBA,TBA,TBA,40,40
1556,HS,0350,HYBD,CMB,Fund of Organizational Mgmt,3,03/09/2026,"T,R",0800,0915,PLASTR,102,TBA,10,10
1560,HS,0350,INET,DLR,Fund of Organizational Mgmt,3,01/12/2026,TBA,null,null,ONLINE,TBA,Myers,10,10
1564,HS,0350,INET,DLR,Fund of Organizational Mgmt,3,01/12/2026,TBA,null,null,ONLINE,TBA,Myers,10,10
1567,HS,0350,TRAD,CLS,Fund of Organizational Mgmt,3,01/12/2026,"M,W,F",1000,1050,PLASTR,102,Myers,10,10
1515,HS,0355,INET,DLR,Hlthcare Quality/Patient Sfty,3,01/12/2026,TBA,null,null,TBA,TBA,Foote,40,40
1516,HS,0360,INET,DLR,Health Policy,3,01/12/2026,TBA,null,null,TBA,TBA,McBride,40,40
1233,HS,0365,TRAD,CLS,Health Communication,3,01/12/2026,"M,W,F",1000,1050,WEBSTR,305,Slavings,25,25
1917,HS,0370,INET,DLR,Environmental Health & Safety,3,01/12/2026,TBA,null,null,ONLINE,TBA,Newcomb,5,5
1920,HS,0380,INET,DLR,Epidemiology,3,01/12/2026,TBA,null,null,ONLINE,TBA,Welicky,5,5
1517,HS,0390,INET,DLR,Health Care Systems,3,01/12/2026,TBA,null,null,TBA,TBA,Brown,40,40
1518,HS,0420,INET,DLR,Healthcare Management,2,01/12/2026,TBA,null,null,TBA,TBA,Bokker,40,40
1519,HS,0481,INDV,INT,Healthcare Ldrship Internship,3,01/12/2026,TBA,null,null,TBA,TBA,Brown,20,20
1520,HS,0482,TRAD,CLS,Healthcare Leadership,2,03/09/2026,T,0800,0940,LEONHS,154,Brown,20,20
1521,HS,0520,INET,GDL,HR Management in Healthcare,3,01/12/2026,TBA,null,null,TBA,TBA,Deringer,17,17
1522,HS,0530,INET,GDL,Managerial Epidemiology,3,03/09/2026,TBA,null,null,TBA,TBA,Deringer,17,17
1523,HS,0550,INET,GDL,HC Negotiation/Conflict Resolu,3,01/12/2026,TBA,null,null,TBA,TBA,Deringer,16,16
1365,IB,0310,TRAD,CLS,International Business,3,03/09/2026,"M,W,F",0800,0850,PLASTR,306,Baker,35,35
1366,IB,0310,INET,DLR,International Business,3,01/12/2026,TBA,null,null,ONLINE,TBA,Baker,35,35
1373,IB,0310,INET,DLR,International Business,3,01/12/2026,TBA,null,null,ONLINE,TBA,TBA,35,35
1377,IB,0352,INET,DLR,Intl Human Resource Mgmt,3,01/12/2026,TBA,null,null,ONLINE,TBA,Ansell,35,35
1382,IB,0410,INET,DLR,International Management,3,01/12/2026,TBA,null,null,ONLINE,TBA,TBA,35,35
1385,IB,0520,INET,GDL,Global Leadership,3,03/09/2026,TBA,null,null,ONLINE,TBA,Ansell,25,25
1964,IET,0105,HYBD,CMB,Professional Skills,3,01/12/2026,W,1730,1845,UMMEL,140,Pizarro,24,24
1966,IET,0115,HYBD,CMB,Engineering Graphics II,3,01/12/2026,M,1730,1920,UMMEL,139,Wilson,28,28
1967,IET,0230,INET,DLR,Excel/Visio Applications,2,01/12/2026,TBA,null,null,TBA,TBA,Pizarro,28,28
1968,IET,0235,INET,DLR,Power BI Fundamentals,1,03/09/2026,TBA,null,null,TBA,TBA,Pizarro,28,28
1969,IET,0271,SEMR,FCL,Engineering Tech Seminar I,0,01/12/2026,TBA,null,null,TBA,TBA,Wilson,50,50
1970,IET,0272,SEMR,FCL,Engineering Tech Seminar II,0,01/12/2026,TBA,null,null,TBA,TBA,Wilson,50,50
1971,IET,0300,INET,DLR,Engineering Economics,3,01/12/2026,TBA,null,null,TBA,TBA,Pizarro,28,28
1972,IET,0470,TRAD,CLS,Six Sigma Methodology,3,01/12/2026,T,1730,2020,UMMEL,139,Pizarro,28,28
1984,IET,0471,HYBD,CMB,Senior Design,3,01/12/2026,T,1545,1700,UMMEL,139,Pizarro,28,28
1991,IET,0494,TRAD,CLS,Career Success,1,01/12/2026,W,1000,1140,UMMEL,139,TBA,21,21
1409,INTS,0310,INET,DLR,"Food, Culture, and Society",3,01/12/2026,TBA,null,null,ONLINE,TBA,Carmichael,30,30
1410,INTS,0370,INET,DLR,Globalization & Native People,3,01/12/2026,TBA,null,null,ONLINE,TBA,Greer,10,10
1543,ISEP,0300,INDV,SAB,ISEP Study Abroad,12,01/12/2026,TBA,null,null,TBA,TBA,Shriver,15,15
1544,ISEP,0300,INDV,SAB,ISEP Study Abroad,15,01/12/2026,TBA,null,null,TBA,TBA,Shriver,15,15
1161,JS,0522,INET,GDL,Seminar in Corrections,3,01/12/2026,TBA,null,null,ONLINE,TBA,Hulderman,15,15
1007,KINE,0101,TRAD,CLS,Beginning Yoga,1,01/12/2026,"T,R",0930,1045,BSC,TBA,Gray,20,20
1008,KINE,0101,TRAD,CLS,Intermediate Yoga,1,03/09/2026,"T,R",0930,1045,BSC,TBA,Gray,20,20
1009,KINE,0101,TRAD,CLS,Couch to 5K,1,01/12/2026,"T,R",1200,1315,BSC,TBA,Turner,20,20
1010,KINE,0101,TRAD,CLS,Tai Chi & Meditation,1,01/12/2026,"M,W",1300,1415,BSC,TBA,Browne,20,20
1011,KINE,0101,TRAD,CLS,Tai Chi & Meditation,1,03/09/2026,"M,W",1300,1415,BSC,TBA,Browne,20,20
1013,KINE,0103,INET,DLR,Lifetime Wellness,2,01/12/2026,TBA,null,null,TBA,TBA,Conklin,32,32
1014,KINE,0103,INET,DLR,Lifetime Wellness,2,01/12/2026,TBA,null,null,TBA,TBA,Conklin,32,32
1016,KINE,0103,INET,DLR,Lifetime Wellness,2,01/12/2026,TBA,null,null,TBA,TBA,Beck,32,32
1017,KINE,0103,INET,DLR,Lifetime Wellness,2,01/12/2026,TBA,null,null,TBA,TBA,Beck,32,32
1018,KINE,0103,INET,DLR,Lifetime Wellness,2,01/12/2026,TBA,null,null,TBA,TBA,Divine,32,32
1019,KINE,0103,INET,DLR,Lifetime Wellness,2,03/09/2026,TBA,null,null,TBA,TBA,Schiding,32,32
1020,KINE,0103,TRAD,CLS,Lifetime Wellness,2,01/12/2026,"M,W",1200,1250,LG-PLT,149,Benfield,32,32
1021,KINE,0103,TRAD,CLS,Lifetime Wellness,2,01/12/2026,"M,W",1300,1350,LG-PLT,149,Benfield,32,32
1023,KINE,0103,TRAD,CLS,Lifetime Wellness,2,01/12/2026,"T,R",1100,1150,LG-PLT,149,Dodson,32,32
1012,KINE,0116,TRAD,CLS,Intro Kine & Assessment,3,01/12/2026,"T,R",0930,1045,YOUNG,203,Schiding,24,24
1024,KINE,0220,HYBD,CMB,First Aid and Sport Safety,2,01/12/2026,"T,R",1100,1150,YOUNG,RQ6,Wolf,16,16
1025,KINE,0220,HYBD,CMB,First Aid and Sport Safety,2,03/09/2026,"T,R",1100,1150,YOUNG,RQ6,Wolf,16,16
1026,KINE,0240,HYBD,CMB,Prof Exploration Kinesiology,3,01/12/2026,"M,W,F",1100,1150,LG-PLT,149,Alasmar,24,24
1027,KINE,0252,TRAD,CLS,Team & Ind. Sports Instruction,3,01/12/2026,"M,W,F",1100,1215,YOUNG,203,Dodson,24,24
1028,KINE,0300,TRAD,CLS,Theory/Tech Strength Training,3,01/12/2026,"T,R",0930,1045,LG-PLT,149,Alasmar,16,16
1029,KINE,0321,TRAD,CLS,Theory & Tech Sec Phys Educ,3,01/12/2026,"T,R",1300,1415,YOUNG,203,Dodson,24,24
1788,KINE,0330,TRAD,CLS,Exercise Physiology,3,01/12/2026,"M,W",1100,1215,LG-PLT,150,Theiss,24,24
1030,KINE,0332,TRAD,CLS,Thry/Tech of Move & Rhythms,3,01/12/2026,"T,R",1100,1215,YOUNG,203,Schiding,24,24
1031,KINE,0340,TRAD,CLS,Motor Learning,3,01/12/2026,"T,R",0930,1045,HS,154,Dodson,24,24
1032,KINE,0345,TRAD,CLS,Statistics in Kinesiology,2,01/12/2026,"M,W",0900,0950,LG-PLT,150,Schiding,24,24
1033,KINE,0350,TRAD,CLS,Spts Academy Plan & Prep,2,01/12/2026,"M,W",1000,1050,LG-PLT,150,Schiding,24,24
1058,KINE,0367,HYBD,CMB,Socio-Psy Aspects of PE,3,01/12/2026,"M,W",1000,1050,LEONHS,154,Hartwell,24,24
1034,KINE,0370,TRAD,CLS,PE/Health Elem School Teacher,2,01/12/2026,"T,R",1300,1350,LG-PLT,149,Lawrence,20,20
1053,KINE,0375,TRAD,CLS,Physical Activity for Spec Pop,3,01/12/2026,"M,W,F",0900,0950,YOUNG,203,Dodson,24,24
1054,KINE,0380,TRAD,CLS,Research Methods Hlth & Ex Sci,3,01/12/2026,"M,W",0930,1045,LEONHS,152,Theiss,20,20
1057,KINE,0385,INET,DLR,Nutrition for Human Devp,3,01/12/2026,TBA,null,null,TBA,TBA,Cullers,32,32
1060,KINE,0432,TRAD,CLS,Physiology Exercise Laboratory,2,01/12/2026,W,1300,1500,LG-PLT,138,Theiss,16,16
1066,KINE,0440,TRAD,CLS,Exercise Special Populations,3,01/12/2026,"T,R",0930,1045,LG-PLT,150,Theiss,24,24
1192,KINE,0442,TRAD,CLS,Adv Biomech Anal Human Move,3,01/12/2026,"T,R",1100,1215,LG-PLT,150,Theiss,24,24
1190,KINE,0450,TRAD,CLS,Corrective Mvemt Assment PE,3,01/12/2026,"T,R",1300,1415,LG-PLT,150,Theiss,24,24
1191,KINE,0455,TRAD,CLS,Corrective Exercise Technique,3,01/12/2026,"T,R",1300,1415,LG-PLT,138,Alasmar,16,16
1065,KINE,0488,INET,DLR,Community Nutrition Lion Co-op,3,01/12/2026,TBA,null,null,TBA,TBA,Cullers,16,16
1683,MATH,0020,TRAD,CLS,Beginning Algebra,3,01/12/2026,"M,W,F",0900,0950,NIXON,109,Coltharp,40,40
1684,MATH,0020,TRAD,CLS,Beginning Algebra,3,01/12/2026,"M,W,F",1000,1050,NIXON,108,Coltharp,40,40
1685,MATH,0020,TRAD,CLS,Beginning Algebra,3,01/12/2026,"T,R",0930,1045,NIXON,108,Miller,40,40
1686,MATH,0020,INET,DLR,Beginning Algebra,3,01/12/2026,TBA,null,null,ONLINE,TBA,Miller,40,40
1689,MATH,0030,TRAD,CLS,Intermediate Algebra,3,01/12/2026,"M,W,F",0900,0950,NIXON,108,Miller,40,40
1690,MATH,0030,TRAD,CLS,Intermediate Algebra,3,01/12/2026,"M,W,F",1200,1250,NIXON,108,Coltharp,40,40
1691,MATH,0030,INET,DLR,Intermediate Algebra,3,01/12/2026,TBA,null,null,ONLINE,TBA,Appuhamy,40,40
1693,MATH,0119,INET,DLR,Math for Elementary Teachers I,3,01/12/2026,TBA,null,null,ONLINE,TBA,Coltharp,40,40
1694,MATH,0120,INET,DLR,Math for Elem Teachers II,3,01/12/2026,TBA,null,null,ONLINE,TBA,Coltharp,40,40
1695,MATH,0125,TRAD,CLS,Contemporary Mathematics,3,01/12/2026,"M,W,F",1000,1050,NIXON,109,Appuhamy,40,40
1696,MATH,0125,TRAD,CLS,Contemporary Mathematics,3,01/12/2026,"M,W,F",1100,1150,NIXON,108,Boswell,40,40
1697,MATH,0125,TRAD,CLS,Contemporary Mathematics,3,01/12/2026,"T,R",1100,1215,NIXON,109,Boswell,40,40
1698,MATH,0125,INET,DLR,Contemporary Mathematics,3,01/12/2026,TBA,null,null,ONLINE,TBA,Boswell,40,40
1700,MATH,0130,TRAD,CLS,College Algebra,3,01/12/2026,"M,W,F",1000,1050,NIXON,210,Boswell,40,40
1701,MATH,0130,TRAD,CLS,College Algebra,3,01/12/2026,"M,W,F",1300,1350,NIXON,108,Miller,40,40
1702,MATH,0130,INET,DLR,College Algebra,3,01/12/2026,TBA,null,null,ONLINE,TBA,Curtis,40,40
1704,MATH,0135,TRAD,CLS,Trigonometry,3,01/12/2026,"M,W,F",1200,1250,NIXON,109,Curtis,35,35
1705,MATH,0135,INET,DLR,Trigonometry,3,01/12/2026,TBA,null,null,ONLINE,TBA,Appuhamy,40,40
1706,MATH,0150,TRAD,CLS,Calculus/Analytic Geometry I,5,01/12/2026,"M,T,W,R,F",1100,1150,NIXON,210,Curtis,35,35
1707,MATH,0250,TRAD,CLS,Calculus/Analytic Geometry II,4,01/12/2026,"M,T,R,F",1100,1150,NIXON,211,Appuhamy,35,35
1708,MATH,0300,TRAD,CLS,Fund of Mathematical Thought,3,01/12/2026,"M,W,F",1300,1350,NIXON,109,Boswell,35,35
1709,MATH,0302,INET,DLR,Applied Calculus,3,01/12/2026,TBA,null,null,ONLINE,TBA,Appuhamy,40,40
1710,MATH,0310,INET,DLR,Elementary Statistics,3,01/12/2026,TBA,null,null,ONLINE,TBA,Johnson,35,35
1711,MATH,0310,INET,DLR,Elementary Statistics,3,01/12/2026,TBA,null,null,ONLINE,TBA,Johnson,40,40
1712,MATH,0371,TRAD,CLS,Intro to Operations Research,3,01/12/2026,"M,W,F",1200,1250,NIXON,211,Appuhamy,10,10
1716,MATH,0526,INET,GDL,Statistical Analysis,3,01/12/2026,TBA,null,null,ONLINE,TBA,Johnson,20,20
1960,MET,0200,HYBD,CMB,Computer Numerical Control,3,01/12/2026,T,1100,1250,UMMEL,121,Wilson,16,16
1961,MET,0240,TRAD,LLB,Engineering Materials,3,01/12/2026,W,1000,1150,UMMEL,140,Wilson,16,16
1961,MET,0240,TRAD,LLB,Engineering Materials,3,01/12/2026,M,1000,1150,UMMEL,140,Wilson,16,16
1367,MGMT,0237,TRAD,CLS,Using Information Systems,3,01/12/2026,"T,R",0800,0915,PLASTR,303,Yantis,30,30
1368,MGMT,0237,INET,DLR,Using Information Systems,3,01/12/2026,TBA,null,null,ONLINE,TBA,Dawson,35,35
1369,MGMT,0237,INET,DLR,Using Information Systems,3,01/12/2026,TBA,null,null,ONLINE,TBA,Dawson,35,35
1370,MGMT,0245,INET,DLR,Intro to Supply Chain Mgmt,3,01/12/2026,TBA,null,null,ONLINE,TBA,Cheon,35,35
1371,MGMT,0337,INET,DLR,Management Information Systems,3,01/12/2026,TBA,null,null,ONLINE,TBA,Finley,35,35
1372,MGMT,0350,HYBD,CMB,Fund of Organizational Mgmt,3,03/09/2026,"T,R",0800,0915,PLASTR,102,TBA,25,25
1559,MGMT,0350,INET,DLR,Fund of Organizational Mgmt,3,01/12/2026,TBA,null,null,ONLINE,TBA,Myers,25,25
1562,MGMT,0350,INET,DLR,Fund of Organizational Mgmt,3,01/12/2026,TBA,null,null,ONLINE,TBA,Myers,25,25
1566,MGMT,0350,TRAD,CLS,Fund of Organizational Mgmt,3,01/12/2026,"M,W,F",1000,1050,PLASTR,102,Myers,25,25
1374,MGMT,0352,TRAD,CLS,Human Resources Management,3,01/12/2026,"T,R",0800,0915,PLASTR,323,Holtzen,35,35
1375,MGMT,0352,INET,DLR,Human Resources Management,3,01/12/2026,TBA,null,null,ONLINE,TBA,TBA,35,35
1376,MGMT,0354,INET,DLR,Quality Management,3,01/12/2026,TBA,null,null,ONLINE,TBA,Myers,35,35
1378,MGMT,0365,TRAD,CLS,Logistics Trans & Distribution,3,01/12/2026,TBA,null,null,TBA,TBA,TBA,35,35
1379,MGMT,0411,INET,DLR,Employment Law,3,01/12/2026,TBA,null,null,ONLINE,TBA,Lonardo,35,35
1380,MGMT,0425,INET,DLR,Business Analytics & Modeling,3,01/12/2026,TBA,null,null,ONLINE,TBA,Cheon,35,35
1381,MGMT,0431,INET,DLR,Operations Management,3,01/12/2026,TBA,null,null,ONLINE,TBA,Cheon,35,35
1383,MGMT,0441,TRAD,CLS,Organizational Behavior,3,01/12/2026,"M,W,F",1000,1050,PLASTR,323,TBA,35,35
1384,MGMT,0441,INET,DLR,Organizational Behavior,3,01/12/2026,TBA,null,null,ONLINE,TBA,TBA,35,35
1386,MGMT,0443,INET,DLR,Organizational Staffing,3,01/12/2026,TBA,null,null,ONLINE,TBA,Holtzen,35,35
1387,MGMT,0452,INET,DLR,Strategic Management,3,01/12/2026,TBA,null,null,ONLINE,TBA,Carson,35,35
1388,MGMT,0452,INET,DLR,Strategic Management,3,01/12/2026,TBA,null,null,ONLINE,TBA,Carson,35,35
1389,MGMT,0452,TRAD,CLS,Strategic Management,3,01/12/2026,"T,R",1100,1215,PLASTR,323,Carson,35,35
1390,MGMT,0491,INDV,INT,Internship in Management,1,01/12/2026,TBA,null,null,TBA,TBA,TBA,5,5
1391,MGMT,0491,INDV,INT,Internship in Management,2,01/12/2026,TBA,null,null,TBA,TBA,TBA,5,5
1392,MGMT,0491,INDV,INT,Internship in Management,3,01/12/2026,TBA,null,null,TBA,TBA,TBA,5,5
1393,MGMT,0491,INDV,INT,Internship in Management,4,01/12/2026,TBA,null,null,TBA,TBA,TBA,5,5
1394,MGMT,0491,INDV,INT,Internship in Management,5,01/12/2026,TBA,null,null,TBA,TBA,TBA,5,5
1871,MGMT,0505,INET,GDL,Business Law and Ethics,3,01/12/2026,TBA,null,null,ONLINE,TBA,TBA,25,25
1958,MGMT,0552,INET,GDL,Strategic Mgmt. & Bus. Policy,3,03/09/2026,TBA,null,null,ONLINE,TBA,Carson,25,25
2053,MGMT,0552,INET,GDL,Strategic Mgmt. & Bus. Policy,3,01/12/2026,TBA,null,null,ONLINE,TBA,TBA,25,25
1542,MOLP,0300,INDV,SAB,Missouri London Pro,12,01/12/2026,TBA,null,null,TBA,TBA,Shriver,10,10
1305,MRKT,0300,INET,DLR,Principles of Marketing,3,01/12/2026,TBA,null,null,ONLINE,TBA,Subedi,35,35
1329,MRKT,0300,INET,DLR,Principles of Marketing,3,01/12/2026,TBA,null,null,ONLINE,TBA,Subedi,35,35
1341,MRKT,0300,HYBD,CMB,Principles of Marketing,3,03/09/2026,"M,W,F",0900,0950,PLASTR,323,Buccieri,35,35
1347,MRKT,0312,TRAD,CLS,Retail Management,3,01/12/2026,"M,W,F",0900,0950,PLASTR,318,Baker,28,28
1348,MRKT,0321,INET,DLR,Professional Sales,3,01/12/2026,TBA,null,null,ONLINE,TBA,TBA,35,35
1352,MRKT,0401,TRAD,CLS,Integrated Mktng Communication,3,01/12/2026,"M,W,F",1000,1050,PLASTR,318,Baker,28,28
1356,MRKT,0405,INET,DLR,Digital Marketing,3,01/12/2026,TBA,null,null,ONLINE,TBA,Baker,35,35
1357,MRKT,0406,INET,DLR,Social Media Marketing,3,01/12/2026,TBA,null,null,ONLINE,TBA,Yantis,35,35
1359,MRKT,0432,TRAD,CLS,Consumer Behavior,3,01/12/2026,"T,R",0930,1045,PLASTR,323,Subedi,35,35
1360,MRKT,0470,INET,DLR,Marketing Research,3,01/12/2026,TBA,null,null,ONLINE,TBA,Subedi,35,35
1361,MRKT,0472,TRAD,CLS,Marketing Strategy,3,01/12/2026,"M,W,F",1100,1150,PLASTR,323,Buccieri,35,35
1362,MRKT,0491,INDV,INT,Internship in Marketing,1,01/12/2026,TBA,null,null,TBA,TBA,TBA,5,5
1363,MRKT,0491,INDV,INT,Internship in Marketing,2,01/12/2026,TBA,null,null,TBA,TBA,TBA,5,5
1364,MRKT,0491,INDV,INT,Internship in Marketing,3,01/12/2026,TBA,null,null,TBA,TBA,TBA,5,5
1959,MRKT,0573,INET,GDL,Marketing and Communication,3,03/09/2026,TBA,null,null,ONLINE,TBA,Buccieri,25,25
1754,MT,0402,SITE,CLN,Clinical Microscopy,1,01/12/2026,TBA,null,null,TBA,TBA,Donelson,4,4
1755,MT,0404,SITE,CLN,Clinical Serology-Immunology,3,01/12/2026,TBA,null,null,TBA,TBA,Donelson,4,4
1756,MT,0405,SITE,CLN,Clinical Microbiology,7,01/12/2026,TBA,null,null,TBA,TBA,Donelson,4,4
1757,MT,0406,SITE,CLN,Clin Immunohematology-Bld Bnk,3,01/12/2026,TBA,null,null,TBA,TBA,Donelson,4,4
1758,MT,0407,SITE,CLN,Special Topics Medical Tech,2,01/12/2026,TBA,null,null,TBA,TBA,Donelson,4,4
1759,MUS,0100,INET,DLR,Fundamentals of Music,3,01/12/2026,TBA,null,null,TBA,TBA,Bready,30,30
1760,MUS,0101,TRAD,CLS,Jazz Styles & Appreciation,3,01/12/2026,"T,R",0930,1045,FINART,208,Schneider,30,30
1761,MUS,0104,TRAD,CLS,Class Piano II,1,01/12/2026,"T,R",null,null,FINART,106,Nenadal,8,8
1762,MUS,0104,TRAD,CLS,Class Piano II,1,01/12/2026,"M,W",0800,0850,TBA,TBA,Nenadal,8,8
1763,MUS,0105,TRAD,CLS,Voice Class,1,01/12/2026,"T,R",1000,1050,FINART,108,King,20,20
1764,MUS,0106,INET,DLR,World Music,3,01/12/2026,TBA,null,null,TBA,TBA,Cotter,30,30
1765,MUS,0110,INET,DLR,Music Appreciation,3,03/09/2026,TBA,null,null,TBA,TBA,Cotter,30,30
1766,MUS,0112,TRAD,CLS,Music Theory II: Adv Mus&Aural,3,01/12/2026,"M,W,F",0900,0950,FINART,208,Spencer,30,30
1767,MUS,0116,INDV,PLS,Applied Performance: Brass,1,01/12/2026,TBA,null,null,TBA,TBA,Schaedler,12,12
1768,MUS,0116,INDV,PLG,Applied Performance: Brass,2,01/12/2026,TBA,null,null,FINART,TBA,Schaedler,12,12
1769,MUS,0116,INDV,PLS,Applied Performance: Brass,1,01/12/2026,TBA,null,null,FINART,TBA,Cooper,12,12
1770,MUS,0116,INDV,PLG,Applied Performance: Brass,2,01/12/2026,TBA,null,null,FINART,TBA,Cooper,12,12
1771,MUS,0116,INDV,PLS,Applied Performance: Brass,1,01/12/2026,TBA,null,null,FINART,TBA,Hodges,12,12
1772,MUS,0116,INDV,PLG,Applied Performance: Brass,2,01/12/2026,TBA,null,null,FINART,TBA,Cooper,12,12
1773,MUS,0119,TRAD,FCL,Southern Symphonic Chorus,1,02/02/2026,R,1900,2100,FINART,208,Bready,20,20
1774,MUS,0120,TRAD,CLS,History of Rock & Roll Music,3,01/12/2026,"T,R",1100,1215,FINART,108,Cotter,26,26
1775,MUS,0121,INDV,FCL,Concert Chorale,1,01/12/2026,"M,W,F",1200,1250,FINART,208,Bready,40,40
1776,MUS,0123,INDV,FCL,Chamber Singers,1,01/12/2026,"M,W,F",1300,1350,FINART,208,Bready,20,20
1777,MUS,0126,INDV,PLS,Applied Performance: Keyboard,1,01/12/2026,TBA,null,null,FINART,TBA,Nenadal,20,20
1778,MUS,0126,INDV,PLG,Applied Performance: Keyboard,2,01/12/2026,TBA,null,null,FINART,TBA,Nenadal,20,20
1779,MUS,0136,INDV,PLS,Applied Performance Percussion,1,01/12/2026,TBA,null,null,FINART,TBA,Milzarek,12,12
1780,MUS,0136,INDV,PLG,Applied Performance Percussion,2,01/12/2026,TBA,null,null,FINART,TBA,Milzarek,12,12
1781,MUS,0141,INDV,FCL,Jazz Orchestra,1,01/12/2026,"T,R",1100,1215,FINART,222,Schneider,25,25
1782,MUS,0151,INDV,FCL,Orchestra,1,01/12/2026,M,1900,2100,FINART,222,Hodges,20,20
1783,MUS,0156,INDV,PLS,Applied Performance: Woodwind,1,01/12/2026,TBA,null,null,FINART,TBA,Cotter,12,12
1784,MUS,0156,INDV,PLG,Applied Performance: Woodwind,2,01/12/2026,TBA,null,null,FINART,TBA,Cotter,12,12
1785,MUS,0156,INDV,PLS,Applied Performance: Woodwind,1,01/12/2026,TBA,null,null,FINART,TBA,Spencer,12,12
1786,MUS,0156,INDV,PLG,Applied Performance: Woodwind,2,01/12/2026,TBA,null,null,FINART,TBA,Spencer,12,12
1850,MUS,0166,INDV,PLS,Applied Performance Voice,1,01/12/2026,TBA,null,null,FINART,TBA,Allan,12,12
1851,MUS,0166,INDV,PLG,Applied Performance Voice,2,01/12/2026,TBA,null,null,FINART,TBA,Allan,12,12
1853,MUS,0166,INDV,PLS,Applied Performance Voice,1,01/12/2026,TBA,null,null,FINART,TBA,Bready,12,12
1854,MUS,0166,INDV,PLG,Applied Performance Voice,2,01/12/2026,TBA,null,null,FINART,TBA,Bready,12,12
1855,MUS,0166,INDV,PLS,Applied Performance Voice,1,01/12/2026,TBA,null,null,FINART,TBA,King,12,12
1856,MUS,0166,INDV,PLG,Applied Performance Voice,2,01/12/2026,TBA,null,null,FINART,TBA,King,12,12
1857,MUS,0171,INDV,PLS,Chamber Brass,1,01/12/2026,TBA,null,null,FINART,TBA,Cooper,12,12
1858,MUS,0185,INDV,PLS,Chamber Winds,1,01/12/2026,TBA,null,null,FINART,TBA,Cotter,12,12
1860,MUS,0192,INDV,FCL,Concert Band,1,01/12/2026,"T,R",1415,1545,FINART,222,Schneider,40,40
1861,MUS,0212,TRAD,CLS,Music Theory IV: Adv Harmony&,3,01/12/2026,"M,W,F",1000,1050,FINART,208,Cooper,30,30
1864,MUS,0312,TRAD,CLS,History of Music&Literature II,3,01/12/2026,"T,R",0800,0950,FINART,108,Cotter,30,30
1935,MUS,0316,INDV,PLS,Adv. Applied Performance:Brass,1,01/12/2026,TBA,null,null,FINART,TBA,Cooper,12,12
1936,MUS,0316,INDV,PLG,Adv. Applied Performance:Brass,2,01/12/2026,TBA,null,null,FINART,TBA,Cooper,12,12
1937,MUS,0316,INDV,PLS,Adv. Applied Performance:Brass,1,01/12/2026,TBA,null,null,FINART,TBA,Schaedler,12,12
1939,MUS,0316,INDV,PLG,Adv. Applied Performance:Brass,2,01/12/2026,TBA,null,null,FINART,TBA,Schaedler,12,12
1944,MUS,0316,INDV,PLS,Adv. Applied Performance:Brass,1,01/12/2026,TBA,null,null,TBA,TBA,Hodges,12,12
1947,MUS,0316,INDV,PLG,Adv. Applied Performance:Brass,2,01/12/2026,TBA,null,null,TBA,TBA,Hodges,12,12
1950,MUS,0319,INDV,FCL,Southern Symphonic Chorus,1,02/02/2026,R,1900,2100,FINART,208,Bready,20,20
1954,MUS,0321,INDV,FCL,Concert Chorale,1,01/12/2026,"M,W,F",1200,1250,FINART,208,Bready,40,40
1956,MUS,0323,INDV,FCL,Chamber Singers,1,01/12/2026,"M,W,F",1300,1350,FINART,208,Bready,40,40
1973,MUS,0326,INDV,PLS,Adv. App. Performance:Keyboard,1,01/12/2026,TBA,null,null,FINART,TBA,Nenadal,20,20
1974,MUS,0326,INDV,PLG,Adv. App. Performance:Keyboard,2,01/12/2026,TBA,null,null,FINART,TBA,Nenadal,20,20
1975,MUS,0332,TRAD,CLS,Music for Elementary School,1,01/12/2026,"M,W,F",0800,0850,FINART,208,Spencer,30,30
1976,MUS,0332,INET,DLR,Music for Elementary School,1,01/12/2026,TBA,null,null,TBA,TBA,Spencer,30,30
1977,MUS,0336,INDV,PLS,Adv App Performance:Percussion,1,01/12/2026,TBA,null,null,FINART,TBA,Milzarek,12,12
1978,MUS,0336,INDV,PLG,Adv App Performance:Percussion,2,01/12/2026,TBA,null,null,FINART,TBA,Milzarek,12,12
1979,MUS,0341,INDV,FCL,Jazz Orchestra,1,01/12/2026,"T,R",1100,1215,FINART,222,Schneider,25,25
1980,MUS,0350,INDV,PLS,Junior Recital,1,01/12/2026,TBA,null,null,TBA,TBA,Allan,8,8
1981,MUS,0350,INDV,PLS,Junior Recital,1,01/12/2026,TBA,null,null,TBA,TBA,Cotter,8,8
1982,MUS,0350,INDV,PLS,Junior Recital,1,01/12/2026,TBA,null,null,TBA,TBA,Hodges,8,8
1983,MUS,0350,INDV,PLS,Junior Recital,1,01/12/2026,TBA,null,null,TBA,TBA,King,8,8
1985,MUS,0350,INDV,PLS,Junior Recital,1,01/12/2026,TBA,null,null,TBA,TBA,Spencer,8,8
1986,MUS,0351,INDV,FCL,Orchestra,1,01/12/2026,M,1900,2100,FINART,222,Hodges,20,20
1987,MUS,0356,INDV,PLS,Adv App Performance: Woodwind,1,01/12/2026,TBA,null,null,FINART,TBA,Cotter,12,12
1988,MUS,0356,INDV,PLG,Adv App Performance: Woodwind,2,01/12/2026,TBA,null,null,FINART,TBA,Cotter,12,12
1989,MUS,0356,INDV,PLS,Adv App Performance: Woodwind,1,01/12/2026,TBA,null,null,FINART,TBA,Spencer,12,12
1990,MUS,0356,INDV,PLG,Adv App Performance: Woodwind,2,01/12/2026,TBA,null,null,FINART,TBA,Spencer,12,12
1992,MUS,0366,INDV,PLS,Adv. App. Performance: Voice,1,01/12/2026,TBA,null,null,FINART,TBA,Allan,12,12
1993,MUS,0366,INDV,PLG,Adv. App. Performance: Voice,2,01/12/2026,TBA,null,null,FINART,TBA,Allan,12,12
1994,MUS,0366,INDV,PLS,Adv. App. Performance: Voice,1,01/12/2026,TBA,null,null,FINART,TBA,Bready,12,12
1995,MUS,0366,INDV,PLG,Adv. App. Performance: Voice,2,01/12/2026,TBA,null,null,FINART,TBA,Bready,12,12
1996,MUS,0366,INDV,PLS,Adv. App. Performance: Voice,1,01/12/2026,TBA,null,null,FINART,TBA,King,12,12
1997,MUS,0366,INDV,PLG,Adv. App. Performance: Voice,2,01/12/2026,TBA,null,null,FINART,TBA,King,12,12
1998,MUS,0371,INDV,PLS,Chamber Brass,1,01/12/2026,TBA,null,null,FINART,TBA,Cooper,12,12
1999,MUS,0385,INDV,PLS,Chamber Winds,1,01/12/2026,TBA,null,null,FINART,TBA,Cotter,12,12
2000,MUS,0392,INDV,FCL,Concert Band,1,01/12/2026,"T,R",1415,1530,FINART,222,Schneider,40,40
2001,MUS,0451,INDV,PLS,Senior Recital,1,01/12/2026,TBA,null,null,TBA,TBA,Allan,8,8
2002,MUS,0451,INDV,PLS,Senior Recital,1,01/12/2026,TBA,null,null,TBA,TBA,Cooper,8,8
2004,MUS,0451,INDV,PLS,Senior Recital,1,01/12/2026,TBA,null,null,TBA,TBA,Cotter,8,8
2005,MUS,0451,INDV,PLS,Senior Recital,1,01/12/2026,TBA,null,null,TBA,TBA,Hodges,8,8
2007,MUS,0451,INDV,PLS,Senior Recital,1,01/12/2026,TBA,null,null,TBA,TBA,Spencer,8,8
2008,MUS,0495,TRAD,FCL,Music Cert Exit Interview,0,01/12/2026,TBA,null,null,TBA,TBA,Allan,10,10
2010,MUS,0501,TRAD,GL3,Southern Symphony Orchestra,1,01/12/2026,M,1900,2100,FINART,222,Hodges,10,10
2014,MUS,0519,TRAD,GL3,Southern Symphonic Chorus,1,02/02/2026,R,1900,2100,FINART,208,Bready,10,10
2015,MUS,0521,TRAD,GL3,Concert Chorale,1,01/12/2026,"M,W,F",1200,1250,FINART,208,Bready,10,10
2017,MUS,0523,TRAD,GL3,Chamber Singers,1,01/12/2026,"M,W,F",1300,1350,FINART,208,Bready,10,10
1540,NURS,0307,TRAD,LLB,Foundational Concepts,6,01/12/2026,M,1200,1450,LEONHS,337,Patterson,10,10
1540,NURS,0307,TRAD,LLB,Foundational Concepts,6,01/12/2026,M,0800,1050,LEONHS,165,Patterson,10,10
1545,NURS,0307,TRAD,LLB,Foundational Concepts,6,01/12/2026,M,0800,1050,LEONHS,165,Patterson,10,10
1545,NURS,0307,TRAD,LLB,Foundational Concepts,6,01/12/2026,M,1500,1750,LEONHS,337,Patterson,10,10
1546,NURS,0314,TRAD,CLS,Pharmacology I,2,01/12/2026,T,0900,1050,LEONHS,265,Lawrence,20,20
1547,NURS,0321,TRAD,LLB,Adult Health I,6,01/12/2026,T,1200,1450,LEONHS,165,Stewart,10,10
1547,NURS,0321,TRAD,LLB,Adult Health I,6,01/12/2026,"W,R,F",0630,1630,TBA,TBA,Stewart,10,10
1548,NURS,0321,TRAD,LLB,Adult Health I,6,01/12/2026,T,1200,1450,LEONHS,165,Stewart,10,10
1548,NURS,0321,TRAD,LLB,Adult Health I,6,01/12/2026,"W,R,F",0630,1630,TBA,TBA,Stewart,10,10
1798,NURS,0328,TRAD,LLB,Concept Mental Health Nursing,3,01/12/2026,T,0900,1050,LEONHS,266,Floyd,8,8
1798,NURS,0328,TRAD,LLB,Concept Mental Health Nursing,3,01/12/2026,"R,F",0630,1630,TBA,TBA,Floyd,8,8
1805,NURS,0333,TRAD,LLB,Adult Health II,7,01/12/2026,M,0900,1150,LEONHS,265,Cooper,8,8
1805,NURS,0333,TRAD,LLB,Adult Health II,7,01/12/2026,"W,R,F",0630,1630,TBA,TBA,Cooper,8,8
1807,NURS,0342,TRAD,CLS,Pharmacology II,2,01/12/2026,T,1200,1350,LEONHS,265,Lawrence,25,25
1809,NURS,0435,TRAD,LLB,Adult Health IV,6,01/12/2026,"R,F",0630,1630,TBA,TBA,Herchenroeder,8,8
1809,NURS,0435,TRAD,LLB,Adult Health IV,6,01/12/2026,M,1200,1550,LEONHS,264,Herchenroeder,8,8
1813,NURS,0435,TRAD,LLB,Adult Health IV,6,01/12/2026,"R,F",0630,1630,TBA,TBA,Herchenroeder,8,8
1813,NURS,0435,TRAD,LLB,Adult Health IV,6,01/12/2026,M,1200,1550,LEONHS,264,Herchenroeder,8,8
1816,NURS,0435,TRAD,LLB,Adult Health IV,6,01/12/2026,M,1200,1550,LEONHS,264,Herchenroeder,8,8
1816,NURS,0435,TRAD,LLB,Adult Health IV,6,01/12/2026,"R,F",0630,1630,TBA,TBA,Herchenroeder,8,8
1888,NURS,0437,INET,DLR,Advanced Health Assessment,3,03/09/2026,TBA,null,null,ONLINE,TBA,Markham,20,20
1817,NURS,0442,TRAD,CLS,Ldrship & Mgmt in Nursing,2,01/12/2026,M,0900,1052,LEONHS,264,Chrisenbery,25,25
1893,NURS,0444,INET,DLR,Applied Patho. & Pharmacology,4,01/12/2026,TBA,null,null,ONLINE,TBA,Markham,20,20
1818,NURS,0449,TRAD,LLB,Population Health Nursing,3,01/12/2026,"R,F",0630,1630,TBA,TBA,Cowley,8,8
1818,NURS,0449,TRAD,LLB,Population Health Nursing,3,01/12/2026,T,1200,1350,LEONHS,264,Cowley,8,8
1819,NURS,0449,TRAD,LLB,Population Health Nursing,3,01/12/2026,T,1200,1350,LEONHS,264,Cowley,8,8
1819,NURS,0449,TRAD,LLB,Population Health Nursing,3,01/12/2026,"R,F",0630,1630,TBA,TBA,Cowley,8,8
1821,NURS,0449,TRAD,LLB,Population Health Nursing,3,01/12/2026,"R,F",0630,1630,TBA,TBA,Cowley,8,8
1821,NURS,0449,TRAD,LLB,Population Health Nursing,3,01/12/2026,T,1200,1350,LEONHS,264,Cowley,8,8
1902,NURS,0451,INET,DLR,Innovation Nursing & Hlth Care,4,01/12/2026,TBA,null,null,ONLINE,TBA,Markham,20,20
1822,NURS,0456,TRAD,CLS,Evidence-Based Practice Nurse,2,01/12/2026,T,1400,1600,LEONHS,264,Cowley,25,25
1905,NURS,0458,INET,DLR,Research & Evidence-Based Prac,4,03/09/2026,TBA,null,null,ONLINE,TBA,Beals,20,20
1823,NURS,0463,TRAD,CLS,Senior Seminar,2,01/12/2026,T,0900,1050,LEONHS,264,Chrisenbery,25,25
1792,PARA,0220,TRAD,LLB,Emergency Medical Technician,9,01/12/2026,W,1300,1650,LEONHS,328,Walker,24,24
1792,PARA,0220,TRAD,LLB,Emergency Medical Technician,9,01/12/2026,TBA,null,null,TBA,TBA,Walker,24,24
1792,PARA,0220,TRAD,LLB,Emergency Medical Technician,9,01/12/2026,M,1300,1650,LEONHS,165,Walker,24,24
1794,PARA,0255,TRAD,LLB,Paramedic Skills,3,01/12/2026,"T,R",1300,1550,LEONHS,328,Walker,6,6
1795,PARA,0272,TRAD,CLS,Traumatology,4,01/12/2026,T,0800,1150,LEONHS,328,Walker,24,24
1797,PARA,0273,TRAD,CLS,Emergency Medical Care,3,01/12/2026,R,0900,1150,LEONHS,328,Taber,24,24
1799,PARA,0390,INDV,CLN,Field Intern/Clin Practicum II,3,01/12/2026,TBA,null,null,TBA,TBA,Taber,24,24
1800,PARA,0402,INET,DLR,EMS Leadership,3,01/12/2026,TBA,null,null,TBA,TBA,Taber,24,24
1665,PERF,0240,TRAD,FCL,Sem: Performance/Recital Attdn,0,01/12/2026,R,1300,1350,WEBSTR,176,Allan,40,40
1667,PERF,0241,TRAD,FCL,Sem: Performance/Recital Attdn,1,01/12/2026,R,1300,1350,WEBSTR,176,Allan,12,12
1669,PERF,0340,TRAD,FCL,Sem: Adv Performance/Recital,0,01/12/2026,R,1300,1350,WEBSTR,TBA,Allan,40,40
1670,PERF,0341,TRAD,FCL,Sem: Adv Performance/Recital,1,01/12/2026,R,1300,1350,WEBSTR,TBA,Allan,12,12
1671,PERF,0402,INET,DLR,Mental Skills Training for PA,2,01/12/2026,TBA,null,null,TBA,TBA,Schaedler,10,10
1674,PERF,0442,INET,DLR,Business for Performing Artist,2,01/12/2026,TBA,null,null,TBA,TBA,Curtis,25,25
1673,PERF,0465,INET,DLR,"Mrkting Performing Arts,",2,01/12/2026,TBA,null,null,TBA,TBA,Curtis,10,10
1252,PHIL,0312,INET,DLR,Biomedical Ethics,3,01/12/2026,TBA,null,null,TBA,TBA,Hunt,5,5
1253,PHIL,0312,INET,DLR,Biomedical Ethics,3,01/12/2026,TBA,null,null,TBA,TBA,Hunt,5,5
1254,PHIL,0312,INET,DLR,Biomedical Ethics,3,01/12/2026,TBA,null,null,TBA,TBA,Hunt,5,5
1746,PHYS,0120,INET,DLR,Fund of Physical Science,3,01/12/2026,TBA,null,null,ONLINE,TBA,Bajracharya,38,38
1747,PHYS,0160,TRAD,LLB,Elementary College Physics I,4,01/12/2026,"T,R",0930,1045,REYNLD,315,Fenske,24,24
1747,PHYS,0160,TRAD,LLB,Elementary College Physics I,4,01/12/2026,R,1100,1350,REYNLD,315,Fenske,24,24
1749,PHYS,0162,TRAD,LLB,Elementary College Physics II,4,01/12/2026,M,1400,1650,REYNLD,315,Bajracharya,18,18
1749,PHYS,0162,TRAD,LLB,Elementary College Physics II,4,01/12/2026,"M,W,F",1000,1050,REYNLD,317,Bajracharya,18,18
1751,PHYS,0162,TRAD,LLB,Elementary College Physics II,4,01/12/2026,"M,W,F",1000,1050,REYNLD,317,Bajracharya,24,24
1751,PHYS,0162,TRAD,LLB,Elementary College Physics II,4,01/12/2026,T,1400,1650,REYNLD,315,Bajracharya,24,24
1752,PHYS,0295,TRAD,LLB,General Physics II,5,01/12/2026,M,1400,1650,REYNLD,315,Bajracharya,6,6
1752,PHYS,0295,TRAD,LLB,General Physics II,5,01/12/2026,"M,T,W,F",1000,1050,REYNLD,317,Bajracharya,6,6
1753,PHYS,0431,INDV,INT,Physics Lab Practicum,1,01/12/2026,TBA,null,null,REYNLD,315,Bajracharya,4,4
1172,PSC,0120,TRAD,CLS,American Government,3,01/12/2026,"T,R",0930,1045,JUSTCE,141,Shoaf,36,36
1173,PSC,0120,HYBD,CMB,American Government,3,01/12/2026,"M,W",0900,0950,JUSTCE,143,Delehanty,30,30
1174,PSC,0120,HYBD,CMB,American Government,3,01/12/2026,"M,W",1000,1050,JUSTCE,143,Delehanty,30,30
1175,PSC,0120,INET,DLR,American Government,3,01/12/2026,TBA,null,null,ONLINE,TBA,Delehanty,35,35
1176,PSC,0120,INET,DLR,American Government,3,01/12/2026,TBA,null,null,ONLINE,TBA,Shoaf,50,50
2076,PSC,0122,INET,DLR,Intro International Relations,3,03/09/2026,TBA,null,null,ONLINE,TBA,Smith,35,35
1177,PSC,0331,HYBD,CMB,"Globalization, DeGlobalization",3,01/12/2026,"M,W",1100,1150,JUSTCE,014,Smith,15,15
1178,PSC,0342,TRAD,CLS,Public Policy,3,01/12/2026,"T,R",1100,1215,JUSTCE,143,Shoaf,30,30
1179,PSC,0435,TRAD,CLS,Philosophy of Law,3,01/12/2026,"T,R",1300,1415,JUSTCE,141,Delehanty,30,30
1180,PSC,0490,INET,DLR,Professional Seminar,1,01/12/2026,TBA,null,null,ONLINE,TBA,Delehanty,20,20
1181,PSC,0491,INDV,INT,Internship Political Science,3,01/12/2026,TBA,null,null,TBA,TBA,Shoaf,10,10
1081,PSY,0100,TRAD,CLS,General Psychology,3,01/12/2026,"T,R",0800,0915,LEONHS,167,Cole,17,17
1084,PSY,0100,TRAD,CLS,General Psychology,3,01/12/2026,"M,W,F",0900,0950,LEONHS,166,Boomer,35,35
1086,PSY,0100,TRAD,CLS,General Psychology,3,01/12/2026,"T,R",0930,1045,LEONHS,212,Adamopoulos,30,30
1088,PSY,0100,TRAD,CLS,General Psychology,3,01/12/2026,"T,R",1300,1415,LEONHS,238,Wittig,19,19
1091,PSY,0100,INET,DLR,General Psychology,3,01/12/2026,TBA,null,null,TBA,TBA,Cole,35,35
1093,PSY,0100,INET,DLR,General Psychology,3,01/12/2026,TBA,null,null,TBA,TBA,Moss,35,35
2023,PSY,0100,INET,DLR,General Psychology,3,01/12/2026,TBA,null,null,TBA,TBA,TBA,35,35
1095,PSY,0201,TRAD,CLS,Adolescent Development,3,01/12/2026,"T,R",0930,1045,LEONHS,165,Wittig,35,35
1097,PSY,0205,INET,DLR,Child & Adolescent Development,3,01/12/2026,TBA,null,null,TBA,TBA,Moss,35,35
1099,PSY,0221,TRAD,CLS,Personal Adjustment,3,01/12/2026,"T,R",1100,1215,LEONHS,167,Cole,35,35
1100,PSY,0242,TRAD,CLS,Introduction to Neuroscience,3,01/12/2026,"M,W,F",1000,1050,LEONHS,166,Boomer,30,30
1101,PSY,0252,INET,DLR,Intro Applied Behavior Analys,3,01/12/2026,TBA,null,null,TBA,TBA,Conway-Owen,30,30
1105,PSY,0310,HYBD,CMB,Educational Psychology,3,01/12/2026,"M,W",1300,1350,LEONHS,238,Wittig,35,35
1108,PSY,0320,TRAD,CLS,Appl Statistics Behav Nat Sci,3,01/12/2026,"M,W,F",0900,0950,LEONHS,211,Cole,25,25
1113,PSY,0320,TRAD,CLS,Appl Statistics Behav Nat Sci,3,01/12/2026,"M,W,F",1100,1150,LEONHS,211,Cole,25,25
1236,PSY,0325,TRAD,CLS,Research Methods in Psychology,3,01/12/2026,"M,W,F",0900,0950,LEONHS,238,Wittig,24,24
1237,PSY,0330,TRAD,CLS,Experimental Psychology,5,01/12/2026,"M,W",1100,1150,LEONHS,212,Adamopoulos,9,9
1237,PSY,0330,TRAD,CLS,Experimental Psychology,5,01/12/2026,"T,R",1100,1215,LEONHS,212,Adamopoulos,9,9
1238,PSY,0330,TRAD,CLS,Experimental Psychology,5,01/12/2026,"M,W",1100,1150,LEONHS,266,Boomer,9,9
1238,PSY,0330,TRAD,CLS,Experimental Psychology,5,01/12/2026,"T,R",1100,1215,LEONHS,266,Boomer,9,9
1239,PSY,0343,TRAD,CLS,Human Sexuality,3,01/12/2026,"T,R",0930,1045,LEONHS,211,Hackett,30,30
1240,PSY,0352,INET,DLR,Phil Found App Behav Analysis,3,01/12/2026,TBA,null,null,TBA,TBA,TBA,20,20
1241,PSY,0386,TRAD,CLS,Conditioning & Learning,3,01/12/2026,"M,W,F",1000,1050,LEONHS,211,Cole,25,25
1242,PSY,0390,TRAD,CLS,Junior Seminar,2,01/12/2026,W,1200,1250,LEONHS,268,TBA,18,18
1243,PSY,0411,TRAD,CLS,Sensation and Perception,3,01/12/2026,"T,R",1430,1545,LEONHS,211,Kostan,30,30
1111,PSY,0420,TRAD,CLS,Psychology in Film,3,01/12/2026,M,1300,1350,LEONHS,166,Kostan,30,30
1244,PSY,0422,TRAD,CLS,Theories of Personality,3,01/12/2026,"T,R",1100,1215,LEONHS,238,Hackett,35,35
1110,PSY,0432,TRAD,CLS,Abnormal Psychology,3,01/12/2026,"T,R",0930,1045,LEONHS,166,Cole,35,35
1245,PSY,0443,TRAD,CLS,Cognitive Psychology,3,01/12/2026,"T,R",1300,1415,LEONHS,212,Adamopoulos,25,25
1246,PSY,0451,INET,DLR,"Chg, Stngth, Maintain Behavior",3,01/12/2026,TBA,null,null,TBA,TBA,Hardy,21,21
1639,RAD,0132,TRAD,CLS,Prin Radiographic Exposure,4,01/12/2026,"M,W",0900,1015,LEONHS,258,Turley,19,19
1639,RAD,0132,TRAD,CLS,Prin Radiographic Exposure,4,01/12/2026,R,0900,1050,LEONHS,314,Turley,19,19
1642,RAD,0210,INDV,CLN,Clinical Training II,2,01/12/2026,TBA,null,null,TBA,TBA,Turley,19,19
1646,RAD,0241,TRAD,LLB,Radiographic Positioning II,3,01/12/2026,"M,W",0800,0850,LEONHS,258,Matejcek,19,19
1646,RAD,0241,TRAD,LLB,Radiographic Positioning II,3,01/12/2026,"M,W",1300,1450,LEONHS,314,Matejcek,19,19
1651,RAD,0270,TRAD,CLS,Radiographic Pathology,3,01/12/2026,"M,W",1030,1145,LEONHS,258,Matejcek,19,19
1791,RAD,0360,INDV,CLN,Clinical Training V,3,01/12/2026,TBA,null,null,TBA,TBA,Turley,16,16
1789,RAD,0370,TRAD,CLS,Special Topics in Radiology,3,01/12/2026,"T,R",0900,1015,LEONHS,258,Matejcek,16,16
1790,RAD,0399,TRAD,CLS,Advanced Radiology,3,01/12/2026,"T,R",1030,1145,LEONHS,258,Matejcek,16,16
1801,RESP,0105,TRAD,CLS,Cardiopulmonary Ana & Phys,3,01/12/2026,"M,W,F",0900,0950,LEONHS,328,Moritz,16,16
1803,RESP,0120,TRAD,CLS,Cardiopulmonary Pathology,3,01/12/2026,"M,W,F",0800,0850,LEONHS,328,Taylor,16,16
1804,RESP,0125,INDV,CLN,Clinical Resp Thpy Exper I,3,01/12/2026,M,1100,1130,LEONHS,328,Aldridge,16,16
1804,RESP,0125,INDV,CLN,Clinical Resp Thpy Exper I,3,01/12/2026,"T,R",null,null,TBA,TBA,Aldridge,16,16
1806,RESP,0226,TRAD,CLS,Cardiopulmonary Diagnostics,3,01/12/2026,"M,W,F",1000,1050,LEONHS,328,Aldridge,16,16
1808,RESP,0307,TRAD,CLS,Cardiopulmonary Assessment,3,01/12/2026,"M,W",0930,1045,LEONHS,342,Taylor,20,20
1810,RESP,0312,TRAD,CLS,Adv Mech Vent (Adv Life Suprt),3,01/12/2026,"M,W",1100,1215,LEONHS,342,Moritz,20,20
1811,RESP,0340,INDV,CLN,Adv-Level Resp Thpy Clin Exper,5,01/12/2026,M,0900,0929,LEONHS,342,Aldridge,20,20
1811,RESP,0340,INDV,CLN,Adv-Level Resp Thpy Clin Exper,5,01/12/2026,TBA,null,null,TBA,TBA,Aldridge,20,20
1814,RESP,0341,TRAD,CLS,Res Issue Mthd Prblm Resp Care,2,01/12/2026,W,1300,1450,LEONHS,342,Taylor,20,20
1815,RESP,0348,TRAD,LAB,Capstone Simulation Learning,2,01/12/2026,M,1300,1650,LEONHS,342,Taylor,20,20
1261,SOC,0110,TRAD,CLS,Introduction to Sociology,3,01/12/2026,"M,W,F",0900,0950,WEBSTR,105,Locher,32,32
1262,SOC,0110,TRAD,CLS,Introduction to Sociology,3,01/12/2026,"M,W,F",1000,1050,WEBSTR,105,Locher,32,32
1263,SOC,0110,TRAD,CLS,Introduction to Sociology,3,01/12/2026,"M,W,F",1100,1150,WEBSTR,106,Greer,32,32
1266,SOC,0110,TRAD,CLS,Introduction to Sociology,3,01/12/2026,"T,R",0930,1045,WEBSTR,106,Greer,32,32
1268,SOC,0110,INET,DLR,Introduction to Sociology,3,01/12/2026,TBA,null,null,ONLINE,TBA,Wells-Lewis,32,32
1271,SOC,0110,INET,DLR,Introduction to Sociology,3,01/12/2026,TBA,null,null,ONLINE,TBA,Locher,32,32
1273,SOC,0110,INET,DLR,Introduction to Sociology,3,01/12/2026,TBA,null,null,ONLINE,TBA,TBA,32,32
1275,SOC,0110,INET,DLR,Introduction to Sociology,3,03/09/2026,TBA,null,null,ONLINE,TBA,TBA,32,32
1276,SOC,0110,INET,DLR,Introduction to Sociology,3,01/12/2026,TBA,null,null,ONLINE,TBA,TBA,32,32
2038,SOC,0110,TRAD,CLS,Introduction to Sociology,3,01/12/2026,"T,R",0930,1045,WEBSTR,106,Greer,1,1
1278,SOC,0210,INET,DLR,Social Problems,3,01/12/2026,TBA,null,null,ONLINE,TBA,Wells-Lewis,32,32
1277,SOC,0221,HYBD,CMB,Marriage and Family,3,01/12/2026,"M,W",0900,0950,WEBSTR,208,Wells-Lewis,28,28
1279,SOC,0301,HYBD,CMB,Religion and Society,3,01/12/2026,T,0930,1045,WEBSTR,208,Wells-Lewis,28,28
1280,SOC,0319,INET,DLR,Social Interaction,3,01/12/2026,TBA,null,null,ONLINE,TBA,Locher,32,32
1281,SOC,0391,INET,DLR,Penology and Corrections,3,01/12/2026,TBA,null,null,ONLINE,TBA,Gunderman,32,32
1204,SPAN,0101,TRAD,CLS,Beginning Spanish I,3,01/12/2026,"M,W,F",0900,0950,KUHN,201,Liso-Aldaz,24,24
1205,SPAN,0101,TRAD,CLS,Beg Spanish I: Healthcare Prof,3,01/12/2026,"T,R",1100,1215,KUHN,206,Varela Reyes,25,25
1207,SPAN,0101,INET,DLR,Beginning Spanish I,3,01/12/2026,TBA,null,null,ONLINE,TBA,Varela Reyes,25,25
1211,SPAN,0102,TRAD,CLS,Beg Span II- Healthcare Prof,3,03/09/2026,"T,R",1100,1215,KUHN,206,Varela Reyes,25,25
1214,SPAN,0102,INET,DLR,Beginning Spanish II,3,01/12/2026,TBA,null,null,TBA,TBA,Liso-Aldaz,25,25
1215,SPAN,0203,TRAD,CLS,Intermediate Spanish I,3,01/12/2026,"M,W,F",1100,1150,KUHN,201,Liso-Aldaz,24,24
1216,SPAN,0204,TRAD,CLS,Intermediate Spanish II,3,03/09/2026,"M,W,F",1100,1150,KUHN,201,Liso-Aldaz,23,23
1224,SPAN,0310,TRAD,CLS,Conversation I,3,01/12/2026,"T,R",0930,1045,KUHN,206,Varela Reyes,25,25
1225,SPAN,0326,INET,DLR,Peninsular Lit El Cid Present,3,01/12/2026,TBA,null,null,TBA,TBA,Liso-Aldaz,25,25
1090,SRM,0101,INET,DLR,Intro Sport & Recreation Mgmt,3,01/12/2026,TBA,null,null,TBA,TBA,Divine,35,35
1096,SRM,0210,TRAD,CLS,Ethics in Sports & Recreation,3,01/12/2026,"T,R",0930,1045,TBA,TBA,Hartwell,24,24
1836,SRM,0210,TRAD,CLS,Ethics in Sports & Recreation,3,01/12/2026,"T,R",0800,0915,HS,154,Hartwell,24,24
1103,SRM,0220,INET,DLR,Sports Around the Globe,3,01/12/2026,TBA,null,null,TBA,TBA,Plumb,35,35
1106,SRM,0230,INET,DLR,Outdoor Recreation,3,03/09/2026,TBA,null,null,TBA,TBA,Cathey,35,35
1107,SRM,0310,HYBD,CMB,Facility & Event Mgmt SRM,3,01/12/2026,"M,W,F",0900,0950,LEONHS,154,Wang,24,24
1114,SRM,0320,TRAD,CLS,Risk Mgmt & Legal Issues SRM,3,01/12/2026,"M,W",1100,1215,LEONHS,154,Wang,24,24
1116,SRM,0330,INET,DLR,Finance Budgt & Rev Mgmt SRM,3,01/12/2026,TBA,null,null,TBA,TBA,Plumb,32,32
1117,SRM,0380,TRAD,CLS,Event Operations in SRM,3,01/12/2026,"T,R",0930,1045,LEONHS,267,Cathey,24,24
1118,SRM,0395,INET,DLR,Practicum in Spts & Rec Mgmt,3,01/12/2026,TBA,null,null,TBA,TBA,Cathey,24,24
1119,SRM,0400,TRAD,CLS,Social Media & Analytics SRM,3,01/12/2026,"M,W",1300,1415,YOUNG,203,Wang,24,24
1934,SUAS,0201,HYBD,CMB,"sUAS Design,Construction,App",3,01/12/2026,F,1400,1550,REYNLD,237,TBA,24,24
1934,SUAS,0201,HYBD,CMB,"sUAS Design,Construction,App",3,01/12/2026,TBA,null,null,ONLINE,TBA,TBA,24,24
1296,SW,0370,HYBD,CMB,Social Diversity,3,01/12/2026,M,0800,0950,WEBSTR,210,Eldred,25,25
1396,SW,0391,INET,DLR,Substance Abuse Services,3,01/12/2026,TBA,null,null,ONLINE,TBA,Grieb,30,30
1397,SW,0393,INET,DLR,Family and Children Services,3,01/12/2026,TBA,null,null,ONLINE,TBA,TBA,30,30
1399,SW,0395,INET,DLR,The Happiness Project,3,01/12/2026,TBA,null,null,ONLINE,TBA,Eldred,38,38
1398,SW,0396,INET,DLR,Crisis Serv & Intervention Str,3,03/09/2026,TBA,null,null,ONLINE,TBA,Eldred,30,30
1400,SW,0420,HYBD,CMB,Gen Practice w/Fam & Groups,3,01/12/2026,W,0800,0950,WEBSTR,207,Eldred,25,25
1965,SW,0430,HYBD,CMB,Gen Prac w/Community & Org.,3,01/12/2026,W,1000,1150,WEBSTR,207,Eldred,25,25
1401,SW,0453,HYBD,CMB,Foundations of Field Education,3,01/12/2026,M,1000,1250,WEBSTR,210,Wilson,25,25
1402,SW,0475,TRAD,CLS,Social Justice Practice,3,01/12/2026,W,1300,1530,WEBSTR,210,Brady,25,25
1403,SW,0485,INDV,INT,Field Education II,4,01/12/2026,TBA,null,null,TBA,TBA,Wilson,12,12
1404,SW,0486,INDV,INT,Field Seminar II,2,01/12/2026,W,1540,1720,WEBSTR,210,Wilson,12,12
1616,TH,0105,INDV,PLG,Applied Performance: Acting,2,01/12/2026,TBA,null,null,TBA,TBA,Dickey,12,12
1625,TH,0106,INDV,PLS,Production Practicum,1,01/12/2026,TBA,null,null,TBA,TBA,Dickey,25,25
1626,TH,0110,TRAD,CLS,Theatre Appreciation,3,01/12/2026,"T,R",1200,1250,LEONHS,152,O'Brien-Davies,25,25
1629,TH,0110,INET,DLR,Theatre Appreciation,3,01/12/2026,TBA,null,null,TBA,TBA,Unser,25,25
1634,TH,0217,TRAD,CLS,Theatrical Dance: Tap,2,01/12/2026,"T,R",1100,1150,TETPAC,274,Stremel,25,25
1637,TH,0220,TRAD,CLS,Professional Interaction,3,01/12/2026,"T,R",0930,1045,LEONHS,152,O'Brien-Davies,30,30
1640,TH,0222,INDV,FCL,Theatre Laboratory,2,01/12/2026,R,1400,1600,TETPAC,248,Dickey,25,25
1645,TH,0232,TRAD,CLS,Costume Technology,2,01/12/2026,M,1700,1900,TETPAC,248,Gollhofer,25,25
1648,TH,0305,INDV,PLG,Adv Applied Perf: Acting,2,01/12/2026,TBA,null,null,TBA,TBA,Dickey,12,12
1652,TH,0306,INDV,PLG,Advanced Production Practicum,2,01/12/2026,TBA,null,null,TBA,TBA,Gollhofer,25,25
1654,TH,0306,INDV,PLG,Advanced Production Practicum,2,01/12/2026,TBA,null,null,TBA,TBA,O'Brien-Davies,25,25
1656,TH,0311,TRAD,CLS,Stage Management,2,01/12/2026,"T,R",0930,1045,TETPAC,238,Dickey,25,25
1662,TH,0480,HYBD,CMB,Devised Theatre,3,01/12/2026,T,1400,1600,TETPAC,238,O'Brien-Davies,15,15
1658,TH,0489,INDV,PLS,Senior Project,1,01/12/2026,TBA,null,null,TBA,TBA,O'Brien-Davies,5,5
2028,UE,0100,TRAD,CLS,The University Experience,1,01/12/2026,T,1200,1250,HEARNS,311,TBA,24,24
2029,UE,0100,TRAD,CLS,The University Experience,1,01/12/2026,W,0900,0950,HEARNS,311,TBA,24,24
2030,UE,0100,INET,DLR,The University Experience,1,01/12/2026,TBA,null,null,TBA,TBA,TBA,24,24
2031,UE,0100,INET,DLR,The University Experience,1,01/12/2026,TBA,null,null,TBA,TBA,TBA,24,24
2032,UE,0100,INET,DLR,The University Experience,1,01/12/2026,TBA,null,null,TBA,TBA,TBA,24,24
2033,UE,0105,INET,DLR,Career Exploration & Planning,2,01/12/2026,TBA,null,null,TBA,TBA,Gandy,30,30
2034,UE,0105,INET,DLR,Career Exploration & Planning,2,03/09/2026,TBA,null,null,TBA,TBA,Gandy,30,30
2035,UE,0150,INET,DLR,College Academic Skills,2,01/12/2026,TBA,null,null,TBA,TBA,TBA,30,30
2077,UE,0200,TRAD,CLS,Leadership & Prof. Development,2,03/09/2026,"M,W",1300,1440,HEARNS,311,Brower,20,20
2036,UE,0205,HYBD,CMB,Tutor Training,1,01/12/2026,TBA,null,null,TBA,TBA,Christiansen,15,15
2037,UE,0400,HYBD,CMB,Leadership Training I,1,03/09/2026,TBA,null,null,TBA,TBA,Carlo,24,24
